-- phpMyAdmin SQL Dump
-- version 5.2.1
-- https://www.phpmyadmin.net/
--
-- Host: host.docker.internal:3306
-- Generation Time: Jul 18, 2024 at 01:19 PM
-- Server version: 8.2.0
-- PHP Version: 8.2.21

SET SQL_MODE = "NO_AUTO_VALUE_ON_ZERO";
START TRANSACTION;
SET time_zone = "+00:00";


/*!40101 SET @OLD_CHARACTER_SET_CLIENT=@@CHARACTER_SET_CLIENT */;
/*!40101 SET @OLD_CHARACTER_SET_RESULTS=@@CHARACTER_SET_RESULTS */;
/*!40101 SET @OLD_COLLATION_CONNECTION=@@COLLATION_CONNECTION */;
/*!40101 SET NAMES utf8mb4 */;

--
-- Database: `shares`
--

-- --------------------------------------------------------

--
-- Table structure for table `profile_picture`
--

CREATE TABLE `profile_picture` (
  `id` bigint NOT NULL,
  `img` mediumblob NOT NULL,
  `user_idfk` bigint NOT NULL,
  `file_name` varchar(255) DEFAULT NULL
) ENGINE=InnoDB DEFAULT CHARSET=utf8mb4 COLLATE=utf8mb4_0900_ai_ci;

--
-- Dumping data for table `profile_picture`
--

INSERT INTO `profile_picture` (`id`, `img`, `user_idfk`, `file_name`) VALUES
(302, 0xffd8ffe000104a46494600010100000100010000ffdb008400090607080706090807080a0a090b0d160f0d0c0c0d1b14151016201d2222201d1f1f2428342c242631271f1f2d3d2d3135373a3a3a232b3f443f384334393a37010a0a0a0d0c0d1a0f0f1a37251f253737373737373737373737373737373737373737373737373737373737373737373737373737373737373737373737373737ffc000110800bd00c903012200021101031101ffc4001b00000203010101000000000000000000000001020304050607ffc4003e10000104010301050505050607000000000100020311040512213106134151611422718191233242a1c1153352b1d107627292a2e1242534434463b2ffc400190101010101010100000000000000000000000103020405ffc4002111010100030002020203000000000000000001020311122131413261041322ffda000c03010002110311003f00f6549a69aaa8a92293a4052549a7482349a748a409149d268234852e7c0289201a2694025498209a4d10a914a48454693a52a45208d26a548a40a9149a682348a524208d22949082a45269aa152684202934210084210083c21707b59aa1c0823c78ff00793d934790d1575f55ce794c25aeb0c7cf2923a53667ba5f10b60e8fbe1df0f35e03b4dda3cf8a4786c9dd86f56b4d57c4af4380f927c11dec95bdbc460f41eab999dd963aa6a30b434b587973bcfd697cbfeecb3cbdbe963a31c2391a176a75692230b9e038721cf6127e1d57a4c4ed2cf0064938efb1cfde0392cf50adcfec641a5e3b72a391fee336b893f9fc8f2bc61cb735d2c541b2171e3c01f2f8755a79e532e175e1675f5ac79a3c8899340f0f89e2dae1e215b4bc5ff67da9f7825c27bb8a2f8d9fc27f101fcfea57b6a5eed7979e3d7ced98f865c454a9149ad1c12134d02a4268a4052549a7482349d2749a0ce84268042134093426812134204bc1ff00685dec1aa62649fdcba2eedaefefd9feb7f25ef573bb45a0feddd29f1b9fb3b97778d3e5c10b1dd3b856da2f364af09a7ea934f911430b6daf22a87240e8beb1a1e9f2c58fdf650fb478ba3f842e1765fb190e883da8d65e46da603c0685dfd20e549b9f998adc67591b1b26ef13fd179756ae5f2af5eddbd9e316ea98e32b0e6808f75cdaaf55f01ed040fc4d4e58c9a735d478fa15f65cb9f2a69739ed84ce31c7d940d9033bc3f15e375fd00e7c8fcc763fb3fbb445ddaeb64edea6acb938e2f605934fda085ec6bb6b5a5f2103a0a3d7e6bea6bc0f618b74fd4d987246eef32e37861fe10da26ffcc17bf5e8d3f8bcdfc8fc8268010b679c2684d14a93a4d0815268420108420cc9a1081a109a010842013a4521014b6e9bb1c0c4e0059ba27aac49f20820915e4b9ca7571bc77a01ee061f0e07c142794c747ba796006cb40e2bcd5583297e3ed71e7a5f8a8e6c79645c595b078011dd7ced63637c7db8ba365bb2b51c91ecf911c641e668cb7906bc7cfaaabb40f632320d0a367c385af1dd9d164bc656430c5b6c1316d37f107f45c6ca78cdd45ada0e8ee8df42171fa696fbeb85d84d365fda191a84cedcd7173a204df77de116d07e028af6cabc7822c789b1411b638dbd1ad1c0562f4e38f8e2f36ccfcf234d24d74ccd084229a10840269210342484199349340d349081a10840d08b45a010809b01738347529de0e8e034bb14edfbcd7d852935164119efbdc23f8953d9cca6e661cb344d7b58267c76f6907dd35747d415d09b6b985af635c0f98585f6d6578fd675b8e5777713c7f78ae7e992779951b803b43faaf4591a4e3cd302216b3e0164d43119890b9eca6ede86bc567cb2f5a794b1b074bfc90b87d9acad53230df26acdb7199cd6b9acdbb983a387a15d864f1bddb5a6cfa8eabd18e52bcd671684d242ed124249a284210804212b412428da2d050809261034d242069a4840d15e481c9a1cf92d9061db6e5fa296c833c31994d03d3aad631d9bd8f6f0f68a1f0576c630531a028f74dfc24b4f982b3cb2e8b2294c4e76e63a89e6bf9ad0f21c2dbd3cd7232e4ca8a173f78a8da5deef1bbd0a8e9dab7b5e3452c58b3b5b2b439ad76de87cf95ccaebae93cb628dcf9086d2c3277591135e06f8dc2da48e08f3a597b439a21d39ee737786b99de0038a2e163e14b0cb2eb39dff0048e83122e81d2c5b8fc803fd14b4eb7cf5564b41f5e6be4b03dad8e51309ecb7a6e1413668e4b47b5e7656438f5f78300f806d7eaba50695830b406e346e3fc520deefa9b2b9e0a6296395a5d1bc380eb47a2b15e3161638b98c6b49ebb455aa24f71d5d479adf1cbae4d095a17686849168a2d0a295a09da2d412b415da95a829054309a410a0921b6ee075f00a2b5e1477ba43f84f0a5bc82fc5804443e416efe4aedd66954d79dc79f15207ed2bd16172eaa46ca4ac22956784460d7de62d135093a6dc7791f1a2b469ec106243134535b135b438f0587b496fd21f00e7bf7c70ff009dc01fcad74d9c28ae576900f60da5a0b659e28cfc0bda16c0ddb4c6f0d1e0b2eba37438acf03970fe4e056fae6d041c3a7a2b37a8bd55badc079a0d0b8fedded995990c7c478a7bb71f37559fc885d60ee2fd1795ece3c4afd6afafb7bc1fa041d3c4c8dedd8e364745b2fcfaae2e13dbed2f8da6c0345756327bb1bb9734d12b5c32ea2c492b4ad681da56a369172096e45aacb91b903053b500549544935145a8a92d984fa85fe5ba9621ef100752682e8c7135b0b99e2d3cfc785c677d7041aea7bbd4ab23754e075b256490d3ad58d77db34f9ac15d124116aa2959d8ef449748c3a88df3e9ec3c8f68b23fc31b88fcc05b58563c837a96337ca291ff003b60fd4ad4c5159b546870c41e594c2b55acda89b7618f13903f26b8fe8af282b7b9531bb76437c94729f46946107dd720be7904649f00bc87625e64c3d7723f0bb539769f3aa1fa2f43adcddd614ce1cbb6703d5794ec03dcdec3453cff00f7e59a4f917141d3d3013239f54d2fa6fa95de70daeff10bf9ae2e861d3ffc43fdd8efecdbe8bb59069d1f851e7e6ae179424ad47728ee5e84489512544b94494122546d44b946d05e9a8da76aa25685152b504e2f7a46ede0df05744bf693251a70f7dbe4564c2da5cf04735ee94a69246432470bf6bebdd71f03eab1d9f2b10cec88d8f63b70daf76d07c2fc07cd4e1717869f23d573f3019207b1d097178f7e13c09079b4f4bf9a8e993c826113edd1b85b5eee1d7e447f459ba7a106e3b4d41bfba1eaa77c5aa8e7cc6f578c7963bbff00a6ff0045ae35832cd6b18feb8f2fe4e8d6e8ca0cb9eebd434c67fec7bfe418e1faad8f58332ddae69e68ed6c535fa7dd5b5e839d98ea78f557c443583d164cf3b4b4aba375c60f9a839bda79845a4e4ca7f0c6e77d02f3ba06f3d8ad17031ff799110bf41d495d1eddbf6f66f5020f5c7907fa4a87605a0e8d873b859640c8d9e82b941e8f031198f1b01e8c1402ab53c92d076f81eab492f22a8fc566c9c732368737d4f920863e43278448de39aa5612b069e2389f2c503b7b411cd700ad64af4cf8432e512e5125409f55448b94772adce51dc88e85a028da60aaa9a6a09da8346313df581e1c8527ccc6ee2632e693cb9bd47c42309a1c1e4ba9dd3834b3ea22565be33b9c07523f5586cf95c67a61ccd4b4ed3f7c8e98bcbda4085920a27c2da7a7c9794c5d6b56834a9b55d45e5d063e546ec76c4dfbfb9db5cde7af0ef9ad8613adea671e48638cb1bba591cc61343cb8b3f45e9069704f16361f7758f0b81d9d47bb743f3b5c632df6bf0eee3383f1639187735c2da4788561e8079a835818d6c6380d142ba5267a81e4aa39b9a40d4f139e4c730aff0027f45b22e55595007cb0cdb8831eee3cec7fb29c1ca82c92263a564b477b01039f34dca4fe156e3c5aa395a974715389ff0064d1e24744f2d9b811e6b3e2bf97077058141c1edf123b3b9cd3d4c0f1c7c0aa3b0fab69fa7f657165d432a28b6b48a73b9e3d3aa5dbd97fe499bb5c2fb977f25e6bb21a3433e9316b0c21d33247472c2f6ee0ee4511fc245a496abd6e4f6c67cc0e6e83a64d3dfdd967b633e5e27e417073ceb99048d67546c5bbff001b1cedff007fad2f530813637fc335a62dd464bd8c07e276fd402b34fa6c2d61777d1b2f976c81d29bf8f03fd288e8e96cee74cc68b6966d8c0a2b412b3e1c81f85110e2e005171144d2b095e99f080b9565c992aa73950dce50dca2e3eaa3b941d652504d512b4d4026836e9aeac803c085d2ca8daf8cb5cd0411e4b9182fdb90cbf1e176cf2c5867f2df5fb8f17898decbad6437de21f1822cf4e7c17a2d31a77127c7c5733566f77a9e348de012587d6c70baf874cc607c48b531bfe78e7663cabdee0d364a86e04dda5c3fef04bbb1e43e8b9668c843855a507deafcd0631e41367b9e1682d94aa6434c529093e5f554b839c2a8a0a6417eab973c8d64ae1ba9ceeabab237b989d2cae0d637a93e0bc76bb34872dc1b61adf2e3952ac67eda341d032fa1718881f159bfb2f91dfb0f2e16fdf64f63e6d15fc973bb4b3c8dd1a76cafbdc035bcfa85d2fec7e274dfb4383dd34c67a78d3b8fa515de15df8bdfe99a788f0e2926e26d9f887bcdf4f4f92e6f683265c580f773727a0732ff00952f4792edb11be8bc46b24e66a0dc78dc4977def40b8fbe3598e3276b569dbc6147de105c5bb8f1e6ad2e51e1ad00741c7c941df15ea794dce5539c879f554bdc80748a1bd56e7286e41e8d351053544c276a08416075104781e177b19e248da7c085e7ed74b4994feecf20721679cfb69aefd39bdaf260c5392c6dbe13bc7ad2d9a597cfa3e0cd62df031c7d6db6a5da6804da64a09adecf2e8adc68198981062c362286311b079002979e7aaef65f516eee9c29aa633b981dd377e4ad02d74c4aad3da7c94ea94493e6820e03c926b43904a947d2d060ed2e34999d9ed4b1e0b6c92e3bc475fc546bf35e434acf8b5fd121cc05bde960ef3fc5e2bdf1715f2fd0f05ba5768b55c4c791dece26739ac3d1b76eafd12ab9fda4d3722680b9a0774de4827c57d23b0da28d0bb3d8d039bb679019663fdf3fec00f905e7b1e36e56b5a7e2c83ec9ef323c79ed1607c2e97b7cc7960da3a5291e893ae7eb79cd860792ef742f35a5b1ee6cb9728f7e6fbbe8df04b5b95d95a9c186fe237925d5e34b69e2837803a05a6bc7b7ae76e5c9c273941ce49c552e256cf387bd52e721e4aa5ce4039ca1b941ce51b41fffd9, 652, '2-profile-picture-629f96fe');

-- --------------------------------------------------------

--
-- Table structure for table `profile_picture_SEQ`
--

CREATE TABLE `profile_picture_SEQ` (
  `next_val` bigint DEFAULT NULL
) ENGINE=InnoDB DEFAULT CHARSET=utf8mb4 COLLATE=utf8mb4_0900_ai_ci;

--
-- Dumping data for table `profile_picture_SEQ`
--

INSERT INTO `profile_picture_SEQ` (`next_val`) VALUES
(401);

-- --------------------------------------------------------

--
-- Table structure for table `shares`
--

CREATE TABLE `shares` (
  `existingsharesamount` int DEFAULT NULL,
  `pricepershare` double DEFAULT NULL,
  `stockreturn` double DEFAULT NULL,
  `dateOfEntry` datetime(6) DEFAULT NULL,
  `id` bigint NOT NULL,
  `name` varchar(255) COLLATE utf8mb4_general_ci DEFAULT NULL,
  `shortl` varchar(255) COLLATE utf8mb4_general_ci DEFAULT NULL
) ENGINE=InnoDB DEFAULT CHARSET=utf8mb4 COLLATE=utf8mb4_general_ci;

--
-- Dumping data for table `shares`
--

INSERT INTO `shares` (`existingsharesamount`, `pricepershare`, `stockreturn`, `dateOfEntry`, `id`, `name`, `shortl`) VALUES
(1300, 32.89, 2.43, '2024-05-21 14:19:33.000000', 64602, 'Bright Future Company', 'OVV'),
(190, 78.12, 45.67, '2024-05-21 14:19:33.000000', 64603, 'Platinum Solutions', 'ASD'),
(176, 32.89, 41.09, '2024-05-21 14:19:33.000000', 64604, 'Horizon Ventures', 'SFI'),
(900, 60.98, 1.54, '2024-05-21 14:19:33.000000', 64605, 'Nova Innovations', 'ASD'),
(276, 72.54, 3.21, '2024-05-21 14:19:33.000000', 64606, 'Genesis Innovations', 'BNI'),
(1300, 43.67, 2.09, '2024-05-21 14:19:33.000000', 64607, 'Precision Solutions', 'QNV'),
(900, 55.76, 1.98, '2024-05-21 14:19:33.000000', 64608, 'Bold Horizon Inc.', 'ASI'),
(176, 58.9, 80.45, '2024-05-21 14:19:33.000000', 64609, 'Smart Solutions', 'QHH'),
(1000, 54.23, 41.09, '2024-05-21 14:19:33.000000', 64610, 'Apex Industries', 'SFI'),
(600, 78.12, 60.98, '2024-05-21 14:19:33.000000', 64611, 'Blue Ridge Technologies', 'QQT'),
(600, 80.45, 60.98, '2024-05-21 14:19:33.000000', 64612, 'Radiant Technologies', 'NCE'),
(154, 43.67, 67.34, '2024-05-21 14:19:33.000000', 64613, 'Starlight Creations', 'ASI'),
(800, 72.54, 67.34, '2024-05-21 14:19:33.000000', 64614, 'Empyrean Ventures', 'BGI'),
(189, 45.67, 1.9, '2024-05-21 14:19:33.000000', 64615, 'Velocity Labs', 'VBD'),
(1000, 89.76, 2.09, '2024-05-21 14:19:33.000000', 64616, 'Phoenix Technologies', 'SGS'),
(209, 55.76, 45.67, '2024-05-21 14:19:33.000000', 64617, 'Golden Gate Company', 'QQT'),
(267, 80.45, 1.98, '2024-05-21 14:19:33.000000', 64618, 'Summit Group', 'AVV'),
(1200, 69.12, 1.98, '2024-05-21 14:19:33.000000', 64619, 'Paradigm Shift Solutions', 'RHT'),
(132, 58.9, 55.76, '2024-05-21 14:19:33.000000', 64620, 'Stardust Creations', 'NGD'),
(500, 54.23, 2.45, '2024-05-21 14:19:33.000000', 64621, 'Silver Bullet Corporation', 'BGI'),
(1400, 49.21, 67.34, '2024-05-21 14:19:33.000000', 64622, 'Apex Technologies', 'ASS'),
(190, 80.45, 1.9, '2024-05-21 14:19:33.000000', 64623, 'Genesis Group', 'QNV'),
(700, 75.32, 1.98, '2024-05-21 14:19:33.000000', 64624, 'Maverick Solutions', 'TWV'),
(500, 41.09, 2.45, '2024-05-21 14:19:33.000000', 64625, 'Quantum Solutions', 'TWV'),
(1000, 43.67, 62.45, '2024-05-21 14:19:33.000000', 64626, 'Unity Industries', 'BNI'),
(1100, 89.76, 43.67, '2024-05-21 14:19:33.000000', 64627, 'Future Focus Corporation', 'ASI'),
(600, 43.67, 2.11, '2024-05-21 14:19:33.000000', 64628, 'Liberty Enterprises', 'BGI'),
(1200, 55.76, 62.45, '2024-05-21 14:19:33.000000', 64629, 'Sapphire Industries', 'BNI'),
(176, 58.9, 1.98, '2024-05-21 14:19:33.000000', 64630, 'Crystal Clear Technologies', 'SST'),
(176, 49.21, 2.11, '2024-05-21 14:19:33.000000', 64631, 'Sapphire Ventures.', 'RHT'),
(212, 55.76, 55.76, '2024-05-21 14:19:33.000000', 64632, 'Blue Ocean Innovations', 'HCI'),
(1500, 58.9, 1.89, '2024-05-21 14:19:33.000000', 64633, 'Elite Edge Company', 'SFI'),
(198, 49.21, 72.54, '2024-05-21 14:19:33.000000', 64634, 'Cascade Innovations', 'OVV'),
(800, 65.43, 54.23, '2024-05-21 14:19:33.000000', 64635, 'Tiger Eye Ventures', 'ASS'),
(245, 65.43, 65.43, '2024-05-21 14:19:33.000000', 64636, 'Blue Moon Enterprises', 'CGS'),
(1000, 58.9, 54.23, '2024-05-21 14:19:33.000000', 64637, 'Global Impact Inc.', 'OVV'),
(1500, 89.76, 62.45, '2024-05-21 14:19:33.000000', 64638, 'Sapphire Innovations', 'VBD'),
(900, 80.45, 43.67, '2024-05-21 14:19:33.000000', 64639, 'Sparkling Solutions', 'BSI'),
(243, 45.67, 67.34, '2024-05-21 14:19:33.000000', 64640, 'Renegade Technologies', 'SGS'),
(900, 78.12, 1.32, '2024-05-21 14:19:33.000000', 64641, 'Golden Gate Innovations', 'RPD'),
(800, 60.98, 43.67, '2024-05-21 14:19:33.000000', 64642, 'Stellar Solutions', 'QNV'),
(500, 45.67, 3.21, '2024-05-21 14:19:33.000000', 64643, 'Paradigm Shift', 'OCI'),
(900, 58.9, 2.76, '2024-05-21 14:19:33.000000', 64644, 'True North Enterprises', 'OVV'),
(190, 41.09, 65.43, '2024-05-21 14:19:33.000000', 64645, 'Horizon Solutions', 'BGI'),
(132, 54.23, 1.9, '2024-05-21 14:19:33.000000', 64646, 'Phoenix Enterprises', 'CGS'),
(276, 32.89, 3.21, '2024-05-21 14:19:33.000000', 64647, 'Visionary Creations', 'RHT'),
(211, 32.89, 65.43, '2024-05-21 14:19:33.000000', 64648, 'Lunar Solutions', 'SST'),
(243, 55.76, 60.98, '2024-05-21 14:19:33.000000', 64649, 'Blue Sky Enterprises', 'BSI'),
(800, 43.67, 1.32, '2024-05-21 14:19:33.000000', 64650, 'Blaze Technologies', 'QHH'),
(211, 54.23, 2.32, '2024-05-21 14:19:33.000000', 64651, 'Aurum Technologies', 'NCE'),
(232, 60.98, 67.34, '2024-05-21 14:19:33.000000', 64652, 'Summit Solutions Inc.', 'TWV'),
(1200, 89.76, 41.09, '2024-05-21 14:19:33.000000', 64653, 'Pinnacle Ventures', 'BSI'),
(1000, 43.67, 1.9, '2024-05-21 14:19:33.000000', 64654, 'Silver Lining Solutions', 'TWV'),
(700, 69.12, 2.09, '2024-05-21 14:19:33.000000', 64655, 'Quantum Creations', 'RPD'),
(321, 65.43, 1.89, '2024-05-21 14:19:33.000000', 64656, 'Sage Solutions Inc.', 'QQT'),
(500, 69.12, 1.76, '2024-05-21 14:19:33.000000', 64657, 'Omni Enterprises', 'BSI'),
(1200, 58.9, 2.67, '2024-05-21 14:19:33.000000', 64658, 'Quantum Ventures', 'AFD'),
(209, 43.67, 43.67, '2024-05-21 14:19:33.000000', 64659, 'Apex Innovations', 'SST'),
(1300, 72.54, 1.54, '2024-05-21 14:19:33.000000', 64660, 'Evergreen Resources', 'OVV'),
(154, 58.9, 2.43, '2024-05-21 14:19:33.000000', 64661, 'Amber Industries', 'ASD'),
(154, 49.21, 55.76, '2024-05-21 14:19:33.000000', 64662, 'Titan Ventures', 'HCI'),
(276, 43.67, 45.67, '2024-05-21 14:19:33.000000', 64663, 'Elite Edge Company.', 'NCE'),
(154, 49.21, 72.54, '2024-05-21 14:19:33.000000', 64664, 'Revolution Group', 'HCI'),
(800, 72.54, 2.45, '2024-05-21 14:19:33.000000', 64665, 'Cascade Corporation', 'QHH'),
(1300, 41.09, 41.09, '2024-05-21 14:19:33.000000', 64666, 'Purple Cat Corporation', 'AGD'),
(800, 43.67, 2.67, '2024-05-21 14:19:33.000000', 64667, 'Peak Performance Company', 'OCI'),
(321, 89.76, 67.34, '2024-05-21 14:19:33.000000', 64668, 'Fusion Dynamics', 'EWT'),
(1200, 75.32, 69.12, '2024-05-21 14:19:33.000000', 64669, 'Spectrum Industries', 'SGS'),
(232, 55.76, 2.12, '2024-05-21 14:19:33.000000', 64670, 'Infinity Solutions', 'SGS'),
(1400, 89.76, 2.43, '2024-05-21 14:19:33.000000', 64671, 'Renegade Ventures', 'EWT'),
(1400, 43.67, 3.21, '2024-05-21 14:19:33.000000', 64672, 'Swift Solutions Inc.', 'VBD'),
(212, 45.67, 2.11, '2024-05-21 14:19:33.000000', 64673, 'Summit Enterprises', 'ASD'),
(243, 75.32, 55.76, '2024-05-21 14:19:33.000000', 64674, 'Silver Star Technologies', 'AVV'),
(1500, 49.21, 1.98, '2024-05-21 14:19:33.000000', 64675, 'Sunflower Innovations', 'ASD'),
(800, 45.67, 2.67, '2024-05-21 14:19:33.000000', 64676, 'Titan Industries', 'NNN'),
(1200, 72.54, 2.43, '2024-05-21 14:19:33.000000', 64677, 'Evergreen Innovations', 'AFD'),
(600, 49.21, 67.34, '2024-05-21 14:19:33.000000', 64678, 'Crystal Clear Company', 'HCI'),
(1000, 65.43, 54.23, '2024-05-21 14:19:33.000000', 64679, 'Wildfire Ventures', 'BNI'),
(245, 72.54, 1.9, '2024-05-21 14:19:33.000000', 64680, 'Mercury Solutions', 'RHT'),
(1000, 67.34, 43.67, '2024-05-21 14:19:33.000000', 64681, 'Stellar Creations', 'ASD'),
(1100, 72.54, 55.76, '2024-05-21 14:19:33.000000', 64682, 'True North Consulting', 'QHH'),
(321, 72.54, 58.9, '2024-05-21 14:19:33.000000', 64683, 'Peak Performance Group', 'NNS'),
(190, 55.76, 72.54, '2024-05-21 14:19:33.000000', 64684, 'Elite Industries', 'QQT'),
(500, 72.54, 89.76, '2024-05-21 14:19:33.000000', 64685, 'Sunbeam Innovations', 'ASD'),
(1300, 80.45, 58.9, '2024-05-21 14:19:33.000000', 64686, 'Velocity Ventures', 'OCI'),
(154, 32.89, 65.43, '2024-05-21 14:19:33.000000', 64687, 'Empower Industries', 'OCI'),
(1500, 32.89, 75.32, '2024-05-21 14:19:33.000000', 64688, 'Evergreen Industries', 'ASI'),
(211, 32.89, 2.32, '2024-05-21 14:19:33.000000', 64689, 'Swift Solutions', 'QQT'),
(190, 58.9, 3.21, '2024-05-21 14:19:33.000000', 64690, 'Redwood Enterprises', 'QTI'),
(154, 75.32, 80.45, '2024-05-21 14:19:33.000000', 64691, 'Moonlight Innovations', 'AVV'),
(189, 55.76, 2.32, '2024-05-21 14:19:33.000000', 64692, 'Vortex Industries', 'HCI'),
(243, 49.21, 65.43, '2024-05-21 14:19:33.000000', 64693, 'Blue Sky Innovations', 'NNN'),
(1200, 58.9, 69.12, '2024-05-21 14:19:33.000000', 64694, 'Golden Eagle Enterprises', 'QNV'),
(198, 89.76, 75.32, '2024-05-21 14:19:33.000000', 64695, 'Phoenix Innovations', 'QNV'),
(1300, 43.67, 2.09, '2024-05-21 14:19:33.000000', 64696, 'Energy Dynamics', 'ASD'),
(189, 41.09, 2.67, '2024-05-21 14:19:33.000000', 64697, 'Moonlight Technologies', 'CGS'),
(500, 58.9, 43.67, '2024-05-21 14:19:33.000000', 64698, 'Bright Future Corporation', 'NCE'),
(700, 32.89, 2.09, '2024-05-21 14:19:33.000000', 64699, 'Fusion Solutions', 'AGD'),
(1200, 65.43, 72.54, '2024-05-21 14:19:33.000000', 64700, 'Radiant Industries', 'SFI'),
(209, 72.54, 80.45, '2024-05-21 14:19:33.000000', 64701, 'Moonstone Innovations', 'NNN'),
(1500, 41.09, 2.45, '2024-05-21 14:19:52.000000', 64702, 'Echo Technologies', 'NGD'),
(198, 54.23, 78.12, '2024-05-21 14:19:52.000000', 64703, 'Visionary Edge Holdings', 'BGI'),
(1400, 65.43, 80.45, '2024-05-21 14:19:52.000000', 64704, 'Alphatech Solutions', 'RPD'),
(211, 80.45, 2.43, '2024-05-21 14:19:52.000000', 64705, 'Stellar Dynamics', 'QNV'),
(1300, 58.9, 54.23, '2024-05-21 14:19:52.000000', 64706, 'Cascade Industries', 'BSI'),
(276, 41.09, 2.32, '2024-05-21 14:19:52.000000', 64708, 'Eclipse Ventures', 'NNS'),
(154, 43.67, 1.54, '2024-05-21 14:19:52.000000', 64709, 'Moonlight Media Group', 'SGS'),
(189, 89.76, 49.21, '2024-05-21 14:19:52.000000', 64711, 'Pulse Ventures', 'RHT'),
(190, 67.34, 72.54, '2024-05-21 14:19:52.000000', 64712, 'Blue Mountain Holdings', 'TWV'),
(1500, 49.21, 69.12, '2024-05-21 14:19:52.000000', 64713, 'Horizon Heights Properties', 'OCI'),
(500, 89.76, 1.76, '2024-05-21 14:19:52.000000', 64714, 'Vortex Innovations', 'QHH'),
(1000, 65.43, 62.45, '2024-05-21 14:19:52.000000', 64715, 'Stellar Enterprises', 'RPD'),
(321, 89.76, 49.21, '2024-05-21 14:19:52.000000', 64716, 'Empyrean Technologies', 'SST'),
(154, 69.12, 60.98, '2024-05-21 14:19:52.000000', 64717, 'Horizon Vision Technologies', 'OCI'),
(176, 78.12, 58.9, '2024-05-21 14:19:52.000000', 64719, 'Nova Dynamics', 'EWT'),
(800, 78.12, 1.76, '2024-05-21 14:19:52.000000', 64720, 'Omega Innovations', 'AVV'),
(198, 65.43, 58.9, '2024-05-21 14:19:52.000000', 64721, 'Pinnacle Dynamics', 'VBD'),
(1200, 65.43, 69.12, '2024-05-21 14:19:52.000000', 64722, 'Horizon Ridge Developments', 'SFI'),
(900, 43.67, 80.45, '2024-05-21 14:19:52.000000', 64723, 'Virtue Ventures', 'CGS'),
(1000, 72.54, 45.67, '2024-05-21 14:19:52.000000', 64724, 'Omega Ventures', 'BSI'),
(176, 78.12, 1.54, '2024-05-21 14:19:52.000000', 64725, 'Horizon Peak Developments', 'BGI'),
(245, 78.12, 58.9, '2024-05-21 14:19:52.000000', 64727, 'Radiant Future Technology', 'NGD'),
(500, 67.34, 2.45, '2024-05-21 14:19:52.000000', 64728, 'Skyline Innovations', 'OVV'),
(198, 55.76, 62.45, '2024-05-21 14:19:52.000000', 64729, 'Nexus Dynamics', 'OVV'),
(189, 67.34, 67.34, '2024-05-21 14:19:52.000000', 64730, 'Meadow Valley Designs', 'SGS'),
(1000, 43.67, 69.12, '2024-05-21 14:19:52.000000', 64731, 'Velocity Innovations', 'SFI'),
(212, 69.12, 1.54, '2024-05-21 14:19:52.000000', 64732, 'Zenith Solutions', 'CGS'),
(190, 78.12, 62.45, '2024-05-21 14:19:52.000000', 64733, 'Matrix Solutions', 'RHT'),
(1200, 89.76, 45.67, '2024-05-21 14:19:52.000000', 64734, 'Nova Ventures', 'HCI'),
(154, 78.12, 1.76, '2024-05-21 14:19:52.000000', 64735, 'Crimson Innovations', 'VBD'),
(1000, 72.54, 1.89, '2024-05-21 14:19:52.000000', 64736, 'Odyssey Ventures', 'AFD'),
(176, 58.9, 41.09, '2024-05-21 14:19:52.000000', 64737, 'Quantum Systems', 'NCE'),
(1200, 54.23, 72.54, '2024-05-21 14:19:52.000000', 64738, 'Pulse Systems', 'SFI'),
(600, 45.67, 1.76, '2024-05-21 14:19:52.000000', 64739, 'Odyssey Innovations', 'NCE'),
(276, 58.9, 2.12, '2024-05-21 14:19:52.000000', 64740, 'Innovation Enterprises', 'SFI'),
(198, 55.76, 2.67, '2024-05-21 14:19:52.000000', 64741, 'Silver Star Industries', 'CGS'),
(1500, 43.67, 2.12, '2024-05-21 14:19:52.000000', 64742, 'Catalyst Dynamics', 'RPD'),
(211, 75.32, 67.34, '2024-05-21 14:19:52.000000', 64743, 'Prism Technologies', 'RPD'),
(321, 80.45, 43.67, '2024-05-21 14:19:52.000000', 64744, 'Ocean View Realty', 'ASS'),
(1000, 55.76, 2.67, '2024-05-21 14:19:52.000000', 64745, 'Zenith Enterprises', 'QHH'),
(800, 43.67, 49.21, '2024-05-21 14:19:52.000000', 64746, 'Aurora Heights Inc', 'BGI'),
(800, 43.67, 45.67, '2024-05-21 14:19:52.000000', 64747, 'Radiant Star Solutions', 'OCI'),
(245, 55.76, 2.45, '2024-05-21 14:19:52.000000', 64748, 'Apex Dynamics', 'CGS'),
(211, 78.12, 72.54, '2024-05-21 14:19:52.000000', 64749, 'Archangel Technologies', 'NNN'),
(198, 55.76, 69.12, '2024-05-21 14:19:52.000000', 64750, 'Horizon Dynamics', 'AGD'),
(176, 55.76, 2.45, '2024-05-21 14:19:52.000000', 64751, 'Visionary Innovations', 'QNV'),
(189, 45.67, 58.9, '2024-05-21 14:19:52.000000', 64752, 'Starlight Properties', 'VBD'),
(276, 32.89, 58.9, '2024-05-21 14:19:52.000000', 64753, 'Dynamic Edge Systems', 'TWV'),
(154, 32.89, 1.76, '2024-05-21 14:19:52.000000', 64754, 'Stellar Ventures', 'BNI'),
(1100, 43.67, 49.21, '2024-05-21 14:19:52.000000', 64755, 'Horizon View Holdings', 'QHH'),
(267, 32.89, 49.21, '2024-05-21 14:19:52.000000', 64756, 'Bright Beginnings Co', 'OVV'),
(900, 49.21, 72.54, '2024-05-21 14:19:52.000000', 64757, 'Joyful Journeys Inc', 'RPD'),
(1200, 55.76, 55.76, '2024-05-21 14:19:52.000000', 64758, 'Valley Creek Designs', 'EWT'),
(209, 89.76, 55.76, '2024-05-21 14:19:52.000000', 64759, 'Pacific Haven Real Estate', 'RPD'),
(900, 60.98, 67.34, '2024-05-21 14:19:52.000000', 64760, 'Interstellar Technologies', 'RPD'),
(245, 32.89, 80.45, '2024-05-21 14:19:52.000000', 64761, 'Velocity Dynamics', 'QQT'),
(176, 43.67, 2.45, '2024-05-21 14:19:52.000000', 64762, 'Vertex Solutions.', 'SGS'),
(600, 54.23, 75.32, '2024-05-21 14:19:52.000000', 64763, 'Fusion Innovations', 'QHH'),
(900, 78.12, 58.9, '2024-05-21 14:19:52.000000', 64764, 'Nexus Innovations', 'HCI'),
(800, 72.54, 1.76, '2024-05-21 14:19:52.000000', 64765, 'Phoenix Fire Media', 'VBD'),
(1500, 69.12, 1.54, '2024-05-21 14:19:52.000000', 64766, 'Chrome Dynamics', 'VBD'),
(189, 58.9, 2.11, '2024-05-21 14:19:52.000000', 64767, 'Radiant Innovations', 'SGS'),
(1000, 55.76, 65.43, '2024-05-21 14:19:52.000000', 64768, 'Luna Luxe Design', 'VBD'),
(1300, 89.76, 1.98, '2024-05-21 14:19:52.000000', 64769, 'Prosperity Peak Ventures', 'SGS'),
(900, 60.98, 1.9, '2024-05-21 14:19:52.000000', 64770, 'Radiant Sun Media Co', 'RHT'),
(245, 89.76, 41.09, '2024-05-21 14:19:52.000000', 64771, 'Zenith Innovations', 'NNN'),
(1000, 72.54, 60.98, '2024-05-21 14:19:52.000000', 64772, 'Catalyst Innovations', 'BSI'),
(276, 67.34, 60.98, '2024-05-21 14:19:52.000000', 64773, 'Azure Waves Real Estate', 'NGD'),
(1000, 54.23, 49.21, '2024-05-21 14:19:52.000000', 64774, 'Paradigm Industries', 'AFD'),
(154, 54.23, 72.54, '2024-05-21 14:19:52.000000', 64775, 'Eclipse Dynamics', 'NGD'),
(1200, 49.21, 2.76, '2024-05-21 14:19:52.000000', 64776, 'Summit Ridge Developments', 'QQT'),
(800, 32.89, 1.89, '2024-05-21 14:19:52.000000', 64777, 'Cascade Ridge Technologies', 'VBD'),
(500, 65.43, 1.32, '2024-05-21 14:19:52.000000', 64778, 'Genesis Enterprises', 'EWT'),
(243, 49.21, 72.54, '2024-05-21 14:19:52.000000', 64779, 'Luna Ventures', 'QNV'),
(1000, 32.89, 62.45, '2024-05-21 14:19:52.000000', 64780, 'Ocean Blue Holdings', 'RHT'),
(190, 80.45, 58.9, '2024-05-21 14:19:52.000000', 64781, 'Cosmo Dynamics', 'TWV'),
(500, 65.43, 58.9, '2024-05-21 14:19:52.000000', 64782, 'Sovereign Solutions', 'AGD'),
(209, 72.54, 41.09, '2024-05-21 14:19:52.000000', 64783, 'Zenith Dynamics Inc', 'SST'),
(154, 55.76, 2.67, '2024-05-21 14:19:52.000000', 64784, 'Spectrum Dynamics', 'BGI'),
(900, 60.98, 2.12, '2024-05-21 14:19:52.000000', 64785, 'Nova Technologies', 'QHH'),
(189, 78.12, 78.12, '2024-05-21 14:19:52.000000', 64786, 'Synergy Dynamics', 'RPD'),
(321, 78.12, 2.76, '2024-05-21 14:19:52.000000', 64787, 'Elite Systems', 'QQT'),
(1000, 45.67, 54.23, '2024-05-21 14:19:52.000000', 64788, 'Stellar Creations Co', 'RPD'),
(154, 69.12, 2.12, '2024-05-21 14:19:52.000000', 64789, 'Eclipse Innovations', 'VBD'),
(267, 78.12, 67.34, '2024-05-21 14:19:52.000000', 64790, 'Solstice Innovations', 'TWV'),
(1300, 54.23, 1.32, '2024-05-21 14:19:52.000000', 64791, 'Golden Horizon Enterprises', 'RHT'),
(243, 45.67, 2.09, '2024-05-21 14:19:52.000000', 64792, 'Serenity Gardens Inc', 'OCI'),
(267, 69.12, 1.98, '2024-05-21 14:19:52.000000', 64793, 'Infinite Concepts', 'QHH'),
(154, 32.89, 58.9, '2024-05-21 14:19:52.000000', 64794, 'Spectrum Ventures', 'EWT'),
(500, 75.32, 80.45, '2024-05-21 14:19:52.000000', 64795, 'Sapphire Global Solutions', 'AVV'),
(1400, 43.67, 2.76, '2024-05-21 14:19:52.000000', 64796, 'Infinity Design Group', 'EWT'),
(276, 55.76, 80.45, '2024-05-21 14:19:52.000000', 64797, 'Mirage Marketing Solutions', 'BSI'),
(1500, 65.43, 80.45, '2024-05-21 14:19:52.000000', 64798, 'Diamond Edge Corporation', 'QQT'),
(1300, 43.67, 45.67, '2024-05-21 14:19:52.000000', 64799, 'Harmony Hill Estates', 'SGS'),
(189, 78.12, 49.21, '2024-05-21 14:19:52.000000', 64800, 'Harmony Horizon Solutions', 'NNN'),
(500, 49.21, 75.32, '2024-05-21 14:19:52.000000', 64801, 'Regal Crest Holdings', 'BNI'),
(154, 60.98, 89.76, '2024-05-22 08:38:48.000000', 64802, 'BlueSky', 'RPD'),
(1200, 43.67, 49.21, '2024-05-22 08:38:48.000000', 64803, 'FusionWorks', 'TWV'),
(232, 54.23, 49.21, '2024-05-22 08:38:48.000000', 64804, 'DragonflySolutions', 'QNV'),
(132, 58.9, 1.9, '2024-05-22 08:38:48.000000', 64805, 'CascadeSystems', 'RHT'),
(600, 89.76, 2.09, '2024-05-22 08:38:48.000000', 64806, 'HorizonSoft', 'RHT'),
(211, 65.43, 45.67, '2024-05-22 08:38:48.000000', 64807, 'SparkleTech', 'AVV'),
(1100, 78.12, 54.23, '2024-05-22 08:38:48.000000', 64808, 'GoldenGate', 'AVV'),
(176, 55.76, 1.32, '2024-05-22 08:38:48.000000', 64809, 'PhoenixSystems', 'ASD'),
(1300, 60.98, 89.76, '2024-05-22 08:38:48.000000', 64810, 'BlueOcean', 'QQT'),
(198, 60.98, 1.9, '2024-05-22 08:38:48.000000', 64811, 'VertexTech', 'RPD'),
(1200, 43.67, 69.12, '2024-05-22 08:38:48.000000', 64812, 'EmberInnovations', 'RHT'),
(232, 54.23, 1.54, '2024-05-22 08:38:48.000000', 64813, 'StellarSolutions', 'NGD'),
(209, 72.54, 1.9, '2024-05-22 08:38:48.000000', 64814, 'AuroraTech.', 'NGD'),
(1200, 49.21, 54.23, '2024-05-22 08:38:48.000000', 64815, 'ZenithTech', 'NGD'),
(1000, 89.76, 72.54, '2024-05-22 08:38:48.000000', 64816, 'NovaSphere', 'QHH'),
(1200, 55.76, 2.45, '2024-05-22 08:38:48.000000', 64817, 'HyperTech', 'QTI'),
(198, 45.67, 89.76, '2024-05-22 08:38:48.000000', 64818, 'GraniteTech', 'RHT'),
(500, 45.67, 41.09, '2024-05-22 08:38:48.000000', 64819, 'ImagineTech', 'AGD'),
(212, 65.43, 1.98, '2024-05-22 08:38:48.000000', 64820, 'LightningTech', 'NGD'),
(700, 55.76, 54.23, '2024-05-22 08:38:48.000000', 64821, 'OceanicSolutions', 'QHH'),
(600, 41.09, 80.45, '2024-05-22 08:38:48.000000', 64822, 'NovaDyne', 'QNV'),
(800, 80.45, 62.45, '2024-05-22 08:38:48.000000', 64823, 'SunStoneSolutions', 'QTI'),
(1200, 78.12, 1.54, '2024-05-22 08:38:48.000000', 64824, 'FireflyTech', 'RPD'),
(132, 75.32, 78.12, '2024-05-22 08:38:48.000000', 64825, 'HorizonShift', 'CGS'),
(1000, 58.9, 75.32, '2024-05-22 08:38:48.000000', 64826, 'SilverEdge', 'NNS'),
(232, 54.23, 67.34, '2024-05-22 08:38:48.000000', 64827, 'NeonNova', 'SST'),
(154, 32.89, 62.45, '2024-05-22 08:38:48.000000', 64828, 'PinnacleTech', 'VBD'),
(800, 69.12, 55.76, '2024-05-22 08:38:48.000000', 64829, 'DreamWorks', 'ASS'),
(209, 89.76, 55.76, '2024-05-22 08:38:48.000000', 64830, 'EliteSolutions', 'BSI'),
(1500, 75.32, 75.32, '2024-05-22 08:38:48.000000', 64831, 'Sunbeam', 'QQT'),
(198, 32.89, 1.76, '2024-05-22 08:38:48.000000', 64832, 'SapphireInnovations', 'ASS'),
(600, 80.45, 2.32, '2024-05-22 08:38:48.000000', 64833, 'ZephyrTech', 'NCE'),
(198, 67.34, 58.9, '2024-05-22 08:38:48.000000', 64834, 'BrightWave', 'TWV'),
(500, 41.09, 80.45, '2024-05-22 08:38:48.000000', 64835, 'MicroFusion', 'AVV'),
(321, 75.32, 1.54, '2024-05-22 08:38:48.000000', 64836, 'RedSky', 'AGD'),
(1000, 32.89, 1.98, '2024-05-22 08:38:48.000000', 64837, 'MeridianWorks', 'TWV'),
(900, 54.23, 2.32, '2024-05-22 08:38:48.000000', 64838, 'BlueStream', 'QNV'),
(800, 45.67, 2.45, '2024-05-22 08:38:48.000000', 64839, 'SunTech', 'QQT'),
(1100, 65.43, 60.98, '2024-05-22 08:38:48.000000', 64840, 'OmegaTech', 'AFD'),
(1000, 60.98, 2.09, '2024-05-22 08:38:48.000000', 64841, 'FusionData', 'QNV'),
(1200, 69.12, 2.11, '2024-05-22 08:38:48.000000', 64842, 'XcelSolutions', 'NGD'),
(1400, 55.76, 45.67, '2024-05-22 08:38:48.000000', 64843, 'FusionCore', 'SGS'),
(198, 54.23, 69.12, '2024-05-22 08:38:48.000000', 64844, 'DreamScape', 'QTI'),
(1000, 65.43, 2.45, '2024-05-22 08:38:48.000000', 64845, 'FusionAxis', 'QNV'),
(132, 55.76, 78.12, '2024-05-22 08:38:48.000000', 64846, 'CloudNine', 'QQT'),
(1300, 54.23, 2.12, '2024-05-22 08:38:48.000000', 64847, 'RadiantWorks', 'BSI'),
(1200, 80.45, 2.43, '2024-05-22 08:38:48.000000', 64848, 'BlueHorizon', 'ASS'),
(209, 43.67, 72.54, '2024-05-22 08:38:48.000000', 64849, 'PulseWorks', 'NNS'),
(321, 75.32, 65.43, '2024-05-22 08:38:48.000000', 64850, 'Starburst', 'SST'),
(176, 32.89, 2.12, '2024-05-22 08:38:48.000000', 64851, 'AeroTech', 'TWV'),
(900, 69.12, 65.43, '2024-05-22 08:38:48.000000', 64852, 'EmeraldWave', 'RHT'),
(243, 43.67, 1.76, '2024-05-22 08:38:48.000000', 64853, 'TerraTech', 'RHT'),
(1200, 75.32, 65.43, '2024-05-22 08:38:48.000000', 64854, 'ElysianTech', 'SST'),
(154, 65.43, 1.76, '2024-05-22 08:38:48.000000', 64855, 'TechNova', 'SGS'),
(190, 72.54, 1.32, '2024-05-22 08:38:48.000000', 64856, 'VortexTech', 'VBD'),
(232, 45.67, 1.76, '2024-05-22 08:38:48.000000', 64857, 'ZenFusion', 'OCI'),
(209, 89.76, 49.21, '2024-05-22 08:38:48.000000', 64858, 'HorizonData', 'RHT'),
(243, 55.76, 2.09, '2024-05-22 08:38:48.000000', 64859, 'StellarSky', 'RHT'),
(198, 45.67, 58.9, '2024-05-22 08:38:48.000000', 64860, 'QuantumTech', 'VBD'),
(212, 72.54, 72.54, '2024-05-22 08:38:48.000000', 64861, 'AuroraGlobal', 'OCI'),
(154, 78.12, 45.67, '2024-05-22 08:38:48.000000', 64862, 'SolidState', 'ASS'),
(189, 43.67, 2.32, '2024-05-22 08:38:48.000000', 64863, 'VelvetByte', 'QNV'),
(243, 67.34, 2.67, '2024-05-22 08:38:48.000000', 64864, 'EchoGlobal', 'ASI'),
(1400, 58.9, 49.21, '2024-05-22 08:38:48.000000', 64865, 'WaveTech', 'QTI'),
(800, 65.43, 65.43, '2024-05-22 08:38:48.000000', 64866, 'AzureSolutions', 'HCI'),
(1200, 49.21, 1.98, '2024-05-22 08:38:48.000000', 64867, 'FusionPoint', 'QHH'),
(132, 78.12, 78.12, '2024-05-22 08:38:48.000000', 64868, 'SparkSolutions', 'QTI'),
(1200, 78.12, 58.9, '2024-05-22 08:38:48.000000', 64869, 'GreenGlobe', 'ASD'),
(1000, 78.12, 41.09, '2024-05-22 08:38:48.000000', 64870, 'Synchronicity', 'ASS'),
(500, 80.45, 2.11, '2024-05-22 08:38:48.000000', 64871, 'SkyViewInnovations', 'NNS'),
(800, 67.34, 1.89, '2024-05-22 08:38:48.000000', 64872, 'ApexInnovations', 'AFD'),
(1300, 72.54, 3.21, '2024-05-22 08:38:48.000000', 64873, 'PixelPerfect', 'BSI'),
(132, 75.32, 45.67, '2024-05-22 08:38:48.000000', 64874, 'QuantumLeap', 'RPD'),
(1200, 45.67, 41.09, '2024-05-22 08:38:48.000000', 64875, 'BlueRidge', 'AFD'),
(1200, 49.21, 65.43, '2024-05-22 08:38:48.000000', 64876, 'TechHive', 'QQT'),
(154, 54.23, 49.21, '2024-05-22 08:38:48.000000', 64877, 'DiamondEdge', 'QNV'),
(132, 54.23, 69.12, '2024-05-22 08:38:48.000000', 64878, 'InfinityTech', 'ASD'),
(1000, 54.23, 72.54, '2024-05-22 08:38:48.000000', 64879, 'SkylineInnovations', 'SGS'),
(800, 80.45, 1.98, '2024-05-22 08:38:48.000000', 64880, 'SwiftTech', 'ASI'),
(154, 43.67, 72.54, '2024-05-22 08:38:48.000000', 64881, 'StellarWave', 'ASI'),
(209, 54.23, 1.89, '2024-05-22 08:38:48.000000', 64882, 'MoonlightTech', 'NNS'),
(212, 43.67, 72.54, '2024-05-22 08:38:48.000000', 64883, 'CrystalTech', 'SFI'),
(900, 55.76, 2.12, '2024-05-22 08:38:48.000000', 64884, 'PulseTech', 'NGD'),
(189, 78.12, 2.67, '2024-05-22 08:38:48.000000', 64885, 'DeepBlue', 'QQT'),
(1500, 43.67, 45.67, '2024-05-22 08:38:48.000000', 64886, 'InfiniteScape', 'SST'),
(800, 32.89, 55.76, '2024-05-22 08:38:48.000000', 64887, 'SolarisInnovations', 'OVV'),
(1200, 80.45, 55.76, '2024-05-22 08:38:48.000000', 64888, 'SolarFlare', 'AGD'),
(232, 54.23, 62.45, '2024-05-22 08:38:48.000000', 64889, 'SapphireTech', 'HCI'),
(600, 49.21, 1.89, '2024-05-22 08:38:48.000000', 64890, 'GalaxyWorks', 'SST'),
(1200, 69.12, 2.45, '2024-05-22 08:38:48.000000', 64891, 'HorizonTech', 'AVV'),
(209, 49.21, 75.32, '2024-05-22 08:38:48.000000', 64892, 'CrystalPeak', 'BNI'),
(1000, 43.67, 65.43, '2024-05-22 08:38:48.000000', 64893, 'TerraNova', 'NNS'),
(1500, 75.32, 1.32, '2024-05-22 08:38:48.000000', 64894, 'InfiniteLoop', 'OCI'),
(209, 60.98, 2.45, '2024-05-22 08:38:48.000000', 64895, 'CometTech', 'AVV'),
(212, 55.76, 1.98, '2024-05-22 08:38:48.000000', 64896, 'TwilightTech', 'AGD'),
(1500, 67.34, 2.67, '2024-05-22 08:38:48.000000', 64897, 'StarlightSolutions', 'OCI'),
(1200, 55.76, 2.43, '2024-05-22 08:38:48.000000', 64898, 'MaroonTech', 'HCI'),
(232, 78.12, 2.12, '2024-05-22 08:38:48.000000', 64899, 'SunsetInnovations', 'HCI'),
(245, 75.32, 69.12, '2024-05-22 08:38:48.000000', 64900, 'OrionSolutions', 'SGS'),
(267, 75.32, 1.54, '2024-05-22 08:38:48.000000', 64901, 'Sunburst', 'VBD'),
(243, 75.32, 1.76, '2024-05-22 08:39:04.000000', 64902, 'Crystal Clear Holdings', 'ASI'),
(211, 89.76, 55.76, '2024-05-22 08:39:04.000000', 64903, 'Orion Dynamics', 'TWV'),
(1400, 65.43, 58.9, '2024-05-22 08:39:04.000000', 64905, 'Starlight Holdings', 'AGD'),
(1100, 78.12, 41.09, '2024-05-22 08:39:04.000000', 64907, 'Redwood Innovations', 'OCI'),
(132, 55.76, 3.21, '2024-05-22 08:39:04.000000', 64908, 'Alpha Innovations', 'ASI'),
(600, 58.9, 1.54, '2024-05-22 08:39:04.000000', 64909, 'Solarflare Corporation', 'QQT'),
(190, 80.45, 2.32, '2024-05-22 08:39:04.000000', 64910, 'Horizon Technologies', 'SFI'),
(154, 55.76, 62.45, '2024-05-22 08:39:04.000000', 64911, 'Asteroid Enterprises', 'NNS'),
(211, 69.12, 41.09, '2024-05-22 08:39:04.000000', 64912, 'SolarTech Enterprises', 'NNS'),
(245, 69.12, 1.32, '2024-05-22 08:39:04.000000', 64913, 'Apollo Technologies', 'BNI'),
(276, 60.98, 3.21, '2024-05-22 08:39:04.000000', 64914, 'Digital Dynamics', 'QTI'),
(1000, 43.67, 62.45, '2024-05-22 08:39:04.000000', 64915, 'Celestial Technologies', 'QQT'),
(1300, 32.89, 72.54, '2024-05-22 08:39:04.000000', 64916, 'Mercury Labs', 'AGD'),
(132, 65.43, 60.98, '2024-05-22 08:39:04.000000', 64917, 'Infinity Labs', 'QQT'),
(900, 43.67, 1.98, '2024-05-22 08:39:04.000000', 64918, 'Radiance Innovations', 'ASI'),
(1200, 60.98, 89.76, '2024-05-22 08:39:04.000000', 64919, 'Silver Lining Ventures', 'AGD'),
(232, 80.45, 2.43, '2024-05-22 08:39:04.000000', 64920, 'BrightSide Technologies', 'QNV'),
(600, 41.09, 1.54, '2024-05-22 08:39:04.000000', 64921, 'Universal Technologies', 'QNV'),
(212, 78.12, 2.67, '2024-05-22 08:39:04.000000', 64923, 'Rainbow Solutions', 'RHT'),
(132, 32.89, 2.11, '2024-05-22 08:39:04.000000', 64924, 'Thunderbolt Corporation', 'VBD'),
(189, 45.67, 69.12, '2024-05-22 08:39:04.000000', 64925, 'Skyline Ventures', 'TWV'),
(154, 54.23, 65.43, '2024-05-22 08:39:04.000000', 64927, 'Firefly Enterprises', 'AGD'),
(1000, 69.12, 1.54, '2024-05-22 08:39:04.000000', 64928, 'DreamWeaver Innovations', 'RPD'),
(189, 75.32, 43.67, '2024-05-22 08:39:04.000000', 64929, 'Star Systems Solutions', 'OCI'),
(1100, 45.67, 1.89, '2024-05-22 08:39:04.000000', 64930, 'Lunar Labs', 'NGD'),
(1400, 41.09, 78.12, '2024-05-22 08:39:04.000000', 64931, 'Chronos Technologies', 'SST'),
(1200, 49.21, 80.45, '2024-05-22 08:39:04.000000', 64933, 'Galactic Innovations', 'NCE'),
(176, 41.09, 1.76, '2024-05-22 08:39:04.000000', 64934, 'Citrus Systems', 'QHH'),
(267, 41.09, 58.9, '2024-05-22 08:39:04.000000', 64935, 'Astral Enterprises', 'AVV'),
(211, 45.67, 2.67, '2024-05-22 08:39:04.000000', 64936, 'Creative Edge Innovations', 'QHH'),
(190, 45.67, 1.76, '2024-05-22 08:39:04.000000', 64937, 'Spectrum Corporation', 'AVV'),
(1000, 45.67, 49.21, '2024-05-22 08:39:04.000000', 64938, 'Galaxy Innovations', 'SFI'),
(1400, 60.98, 2.45, '2024-05-22 08:39:04.000000', 64939, 'Phoenix Solutions', 'BSI'),
(1100, 65.43, 1.54, '2024-05-22 08:39:04.000000', 64940, 'Nebula Corporation', 'NCE'),
(132, 45.67, 2.67, '2024-05-22 08:39:04.000000', 64942, 'Aether Industries', 'VBD'),
(1200, 54.23, 2.67, '2024-05-22 08:39:04.000000', 64943, 'Odyssey Corp', 'SFI'),
(800, 80.45, 75.32, '2024-05-22 08:39:04.000000', 64944, 'AquaTech Inc.', 'EWT'),
(267, 67.34, 2.11, '2024-05-22 08:39:04.000000', 64946, 'Odyssey Technologies', 'AGD'),
(800, 55.76, 2.67, '2024-05-22 08:39:04.000000', 64947, 'Helios Enterprises', 'NCE'),
(189, 72.54, 2.67, '2024-05-22 08:39:04.000000', 64948, 'Sunburst Innovations', 'NNS'),
(900, 41.09, 2.67, '2024-05-22 08:39:04.000000', 64949, 'Hyperion Systems', 'SFI'),
(198, 45.67, 67.34, '2024-05-22 08:39:04.000000', 64950, 'BrightFuture', 'EWT'),
(700, 60.98, 43.67, '2024-05-22 08:39:04.000000', 64952, 'TechTrendz', 'OVV'),
(900, 32.89, 1.32, '2024-05-22 08:39:04.000000', 64953, 'Virtual Realms', 'TWV'),
(1300, 45.67, 2.09, '2024-05-22 08:39:04.000000', 64954, 'BlueWave Solutions', 'SGS'),
(245, 32.89, 62.45, '2024-05-22 08:39:04.000000', 64955, 'NovaCorp', 'NNN'),
(243, 89.76, 1.76, '2024-05-22 08:39:04.000000', 64956, 'Sunburst Solutions', 'NGD'),
(267, 75.32, 1.54, '2024-05-22 08:39:04.000000', 64958, 'Constellation Corp', 'TWV'),
(245, 80.45, 72.54, '2024-05-22 08:39:04.000000', 64959, 'Fusion Technologies', 'CGS'),
(900, 54.23, 69.12, '2024-05-22 08:39:04.000000', 64961, 'Sunbeam Solutions', 'NCE'),
(267, 45.67, 54.23, '2024-05-22 08:39:04.000000', 64962, 'BrightFuture Enterprises', 'BGI'),
(212, 60.98, 89.76, '2024-05-22 08:39:04.000000', 64963, 'Creative Edge Solutions', 'SFI'),
(245, 69.12, 2.45, '2024-05-22 08:39:04.000000', 64964, 'Pharaoh Innovations', 'ASI'),
(198, 41.09, 2.09, '2024-05-22 08:39:04.000000', 64965, 'Pulsar Corporation', 'OVV'),
(1100, 60.98, 2.12, '2024-05-22 08:39:04.000000', 64966, 'Space Odyssey Inc', 'AVV'),
(1300, 45.67, 43.67, '2024-05-22 08:39:04.000000', 64967, 'Quantum Leap Solutions', 'QHH'),
(1300, 78.12, 60.98, '2024-05-22 08:39:04.000000', 64968, 'Ascension Innovations', 'AVV'),
(276, 43.67, 45.67, '2024-05-22 08:39:04.000000', 64969, 'BlueSky Ventures', 'BGI'),
(800, 72.54, 1.98, '2024-05-22 08:39:04.000000', 64970, 'Nova Solutions', 'RPD'),
(154, 75.32, 45.67, '2024-05-22 08:39:04.000000', 64971, 'BlueSky Enterprises', 'NCE'),
(321, 49.21, 1.54, '2024-05-22 08:39:04.000000', 64972, 'Digital Dreams', 'AGD'),
(198, 67.34, 80.45, '2024-05-22 08:39:04.000000', 64973, 'Star Systems Corp', 'QNV'),
(189, 69.12, 1.32, '2024-05-22 08:39:04.000000', 64975, 'Dreamspace Technologies', 'HCI'),
(1500, 65.43, 78.12, '2024-05-22 08:39:04.000000', 64976, 'Pulsar Innovations', 'BNI'),
(900, 58.9, 2.09, '2024-05-22 08:39:04.000000', 64977, 'Black Hole Innovations', 'QTI'),
(276, 89.76, 2.11, '2024-05-22 08:39:04.000000', 64978, 'TerraTech Systems', 'RHT'),
(1200, 78.12, 2.11, '2024-05-22 08:39:04.000000', 64979, 'Golden Gate Corporation', 'AGD'),
(1000, 89.76, 2.12, '2024-05-22 08:39:04.000000', 64980, 'Millennium Industries', 'ASS'),
(800, 67.34, 67.34, '2024-05-22 08:39:04.000000', 64982, 'Solar System Solutions', 'CGS'),
(198, 78.12, 2.11, '2024-05-22 08:39:04.000000', 64983, 'Altitude Innovations', 'AVV'),
(900, 54.23, 1.89, '2024-05-22 08:39:04.000000', 64985, 'Celestial Corp', 'BNI'),
(154, 45.67, 69.12, '2024-05-22 08:39:04.000000', 64986, 'Zenith Corporation', 'BSI'),
(154, 55.76, 2.11, '2024-05-22 08:39:04.000000', 64988, 'Solar Flare Innovations', 'OVV'),
(900, 69.12, 2.11, '2024-05-22 08:39:04.000000', 64989, 'Aurora Innovations', 'NCE'),
(321, 80.45, 1.54, '2024-05-22 08:39:04.000000', 64990, 'Solaris Innovations.', 'AFD'),
(198, 67.34, 1.98, '2024-05-22 08:39:04.000000', 64991, 'Hyperdrive Ventures', 'SFI'),
(198, 58.9, 2.09, '2024-05-22 08:39:04.000000', 64992, 'Dreamworks Holdings', 'QQT'),
(500, 65.43, 2.12, '2024-05-22 08:39:04.000000', 64993, 'Sparkle Technologies', 'VBD'),
(209, 67.34, 2.43, '2024-05-22 08:39:04.000000', 64994, 'Phoenix Ventures', 'BNI'),
(245, 75.32, 41.09, '2024-05-22 08:39:04.000000', 64995, 'Solstice Technologies', 'BGI'),
(600, 69.12, 60.98, '2024-05-22 08:39:04.000000', 64996, 'Firefly Innovations', 'OVV'),
(1000, 78.12, 72.54, '2024-05-22 08:39:04.000000', 64997, 'Stellar Labs', 'AVV'),
(1100, 72.54, 2.09, '2024-05-22 08:39:04.000000', 64998, 'Geode Technologies', 'NNN'),
(1100, 43.67, 1.98, '2024-05-22 08:39:04.000000', 64999, 'Horizon Industries', 'OCI'),
(211, 75.32, 45.67, '2024-05-22 08:39:04.000000', 65000, 'Cosmos Corporation', 'TWV'),
(276, 67.34, 1.54, '2024-05-29 07:24:41.000000', 65002, '', 'AFD');

-- --------------------------------------------------------

--
-- Table structure for table `shares_seq`
--

CREATE TABLE `shares_seq` (
  `next_val` bigint DEFAULT NULL
) ENGINE=InnoDB DEFAULT CHARSET=utf8mb4 COLLATE=utf8mb4_general_ci;

--
-- Dumping data for table `shares_seq`
--

INSERT INTO `shares_seq` (`next_val`) VALUES
(65551),
(1),
(1),
(1),
(1),
(1),
(1),
(1),
(1),
(1),
(1),
(1),
(1),
(1),
(1),
(1),
(1),
(1),
(1),
(1),
(1),
(1),
(1),
(1),
(1),
(1),
(1),
(1),
(1),
(1),
(1),
(1),
(1),
(1),
(1),
(1),
(1),
(1),
(1),
(1),
(1),
(1),
(1),
(1),
(1),
(1),
(1),
(1),
(1),
(1),
(1),
(1),
(1),
(1),
(1),
(1),
(1),
(1),
(1),
(1),
(1),
(1),
(1),
(1),
(1),
(1),
(1),
(1),
(1),
(1),
(1),
(1),
(1),
(1),
(1),
(1),
(1),
(1),
(1),
(1),
(1),
(1),
(1),
(1),
(1),
(1),
(1),
(1),
(1),
(1),
(1),
(1),
(1),
(1),
(1),
(1),
(1),
(1),
(1),
(1),
(1),
(1),
(1),
(1),
(1),
(1),
(1),
(1),
(1),
(1),
(1),
(1),
(1),
(1),
(1),
(1),
(1),
(1),
(1),
(1),
(1),
(1),
(1),
(1),
(1),
(1),
(1),
(1),
(1),
(1),
(1),
(1),
(1),
(1),
(1),
(1),
(1),
(1),
(1),
(1),
(1),
(1),
(1),
(1),
(1),
(1),
(1),
(1),
(1),
(1),
(1),
(1),
(1),
(1),
(1),
(1),
(1),
(1),
(1),
(1),
(1),
(1),
(1),
(1),
(1),
(1),
(1),
(1),
(1),
(1),
(1),
(1),
(1),
(1),
(1),
(1),
(1),
(1),
(1),
(1),
(1),
(1),
(1),
(1),
(1),
(1),
(1),
(1),
(1),
(1),
(1),
(1),
(1),
(1),
(1),
(1),
(1),
(1),
(1),
(1),
(1),
(1),
(1),
(1),
(1),
(1),
(1),
(1),
(1),
(1),
(1),
(1),
(1),
(1),
(1),
(1),
(1),
(1),
(1),
(1),
(1),
(1),
(1),
(1),
(1),
(1),
(1),
(1),
(1),
(1),
(1),
(1),
(1),
(1),
(1),
(1),
(1),
(1),
(1),
(1),
(1),
(1),
(1),
(1),
(1),
(1),
(1),
(1),
(1),
(1),
(1),
(1),
(1),
(1),
(1),
(1),
(1),
(1),
(1),
(1),
(1),
(1),
(1),
(1),
(1),
(1),
(1),
(1),
(1),
(1),
(1),
(1),
(1),
(1),
(1),
(1),
(1),
(1),
(1),
(1),
(1),
(1),
(1),
(1),
(1),
(1),
(1),
(1),
(1),
(1),
(1),
(1),
(1),
(1),
(1),
(1),
(1),
(1),
(1),
(1),
(1),
(1),
(1),
(1),
(1),
(1),
(1),
(1),
(1),
(1),
(1),
(1),
(1),
(1),
(1),
(1),
(1),
(1),
(1),
(1),
(1),
(1),
(1),
(1),
(1),
(1),
(1),
(1),
(1),
(1),
(1),
(1),
(1),
(1),
(1),
(1),
(1),
(1),
(1),
(1),
(1),
(1),
(1),
(1),
(1),
(1),
(1),
(1),
(1),
(1),
(1),
(1),
(1),
(1),
(1),
(1),
(1),
(1),
(1),
(1),
(1),
(1),
(1),
(1),
(1),
(1),
(1),
(1),
(1),
(1),
(1),
(1),
(1),
(1),
(1),
(1),
(1),
(1),
(1),
(1),
(1),
(1),
(1),
(1),
(1),
(1),
(1),
(1),
(1),
(1),
(1),
(1),
(1),
(1),
(1),
(1),
(1),
(1),
(1),
(1),
(1),
(1),
(1),
(1),
(1),
(1),
(1),
(1),
(1),
(1),
(1),
(1),
(1),
(1),
(1),
(1),
(1),
(1),
(1),
(1),
(1),
(1),
(1),
(1),
(1),
(1),
(1),
(1),
(1),
(1),
(1),
(1),
(1),
(1),
(1),
(1),
(1),
(1),
(1),
(1),
(1),
(1),
(1),
(1),
(1),
(1),
(1),
(1),
(1),
(1),
(1),
(1),
(1),
(1),
(1),
(1),
(1),
(1),
(1),
(1),
(1),
(1),
(1),
(1),
(1),
(1),
(1),
(1),
(1),
(1),
(1),
(1),
(1),
(1),
(1),
(1),
(1),
(1),
(1),
(1),
(1),
(1),
(1),
(1),
(1),
(1),
(1),
(1),
(1),
(1),
(1),
(1),
(1),
(1),
(1),
(1),
(1),
(1),
(1),
(1),
(1),
(1),
(1),
(1),
(1),
(1),
(1),
(1),
(1),
(1),
(1),
(1),
(1),
(1),
(1),
(1),
(1),
(1),
(1),
(1),
(1),
(1),
(1),
(1),
(1),
(1),
(1),
(1),
(1),
(1),
(1),
(1),
(1),
(1),
(1),
(1),
(1),
(1),
(1),
(1),
(1),
(1),
(1),
(1),
(1),
(1),
(1),
(1),
(1),
(1),
(1),
(1),
(1),
(1),
(1),
(1),
(1),
(1),
(1),
(1),
(1),
(1),
(1),
(1),
(1),
(1),
(1),
(1),
(1),
(1),
(1),
(1),
(1),
(1),
(1),
(1),
(1),
(1),
(1),
(1),
(1),
(1),
(1),
(1),
(1),
(1),
(1),
(1),
(1),
(1),
(1),
(1),
(1),
(1),
(1),
(1),
(1),
(1),
(1),
(1),
(1),
(1),
(1),
(1),
(1),
(1),
(1),
(1),
(1),
(1),
(1),
(1),
(1),
(1),
(1),
(1),
(1),
(1),
(1),
(1),
(1),
(1),
(1),
(1),
(1),
(1),
(1),
(1),
(1),
(1),
(1),
(1),
(1),
(1),
(1),
(1),
(1),
(1),
(1),
(1),
(1),
(1),
(1),
(1),
(1),
(1),
(1),
(1),
(1),
(1),
(1),
(1),
(1),
(1),
(1),
(1),
(1),
(1),
(1),
(1),
(1),
(1),
(1),
(1),
(1),
(1),
(1),
(1),
(1),
(1),
(1),
(1),
(1),
(1),
(1),
(1),
(1),
(1),
(1),
(1),
(1),
(1),
(1),
(1),
(1),
(1),
(1),
(1),
(1),
(1),
(1),
(1),
(1),
(1),
(1),
(1),
(1),
(1),
(1),
(1),
(1),
(1),
(1),
(1),
(1),
(1),
(1),
(1),
(1),
(1),
(1),
(1),
(1),
(1),
(1),
(1),
(1),
(1),
(1),
(1),
(1),
(1),
(1),
(1),
(1),
(1),
(1),
(1),
(1),
(1),
(1),
(1),
(1),
(1),
(1),
(1),
(1),
(1),
(1),
(1),
(1),
(1),
(1),
(1),
(1),
(1),
(1),
(1),
(1),
(1),
(1),
(1),
(1),
(1),
(1),
(1),
(1),
(1),
(1),
(1),
(1),
(1),
(1),
(1),
(1),
(1),
(1),
(1),
(1),
(1),
(1),
(1),
(1),
(1),
(1),
(1),
(1),
(1),
(1),
(1),
(1),
(1),
(1),
(1),
(1),
(1),
(1),
(1),
(1),
(1),
(1),
(1),
(1),
(1),
(1),
(1),
(1),
(1),
(1),
(1),
(1),
(1),
(1),
(1),
(1),
(1),
(1),
(1),
(1),
(1),
(1),
(1),
(1),
(1),
(1),
(1),
(1),
(1),
(1),
(1),
(1),
(1),
(1),
(1),
(1),
(1),
(1),
(1),
(1),
(1),
(1),
(1),
(1),
(1),
(1);

-- --------------------------------------------------------

--
-- Table structure for table `share_portfolio`
--

CREATE TABLE `share_portfolio` (
  `share_id` bigint NOT NULL,
  `user_id` bigint NOT NULL,
  `amount` int NOT NULL,
  `id` bigint NOT NULL
) ENGINE=InnoDB DEFAULT CHARSET=utf8mb4 COLLATE=utf8mb4_general_ci;

--
-- Dumping data for table `share_portfolio`
--

INSERT INTO `share_portfolio` (`share_id`, `user_id`, `amount`, `id`) VALUES
(64604, 652, 30404, 902),
(64603, 652, 14704, 952),
(64602, 652, 7000, 1002),
(64606, 652, 14, 1052);

-- --------------------------------------------------------

--
-- Table structure for table `share_portfolio_seq`
--

CREATE TABLE `share_portfolio_seq` (
  `next_val` bigint DEFAULT NULL
) ENGINE=InnoDB DEFAULT CHARSET=utf8mb4 COLLATE=utf8mb4_general_ci;

--
-- Dumping data for table `share_portfolio_seq`
--

INSERT INTO `share_portfolio_seq` (`next_val`) VALUES
(1151),
(1),
(1),
(1),
(1),
(1),
(1),
(1),
(1),
(1),
(1),
(1),
(1),
(1),
(1),
(1),
(1),
(1),
(1),
(1),
(1),
(1),
(1),
(1),
(1),
(1),
(1),
(1),
(1),
(1),
(1),
(1),
(1),
(1),
(1),
(1),
(1),
(1),
(1),
(1),
(1),
(1),
(1),
(1),
(1),
(1),
(1),
(1),
(1),
(1),
(1),
(1),
(1),
(1),
(1),
(1),
(1),
(1),
(1),
(1),
(1),
(1),
(1),
(1),
(1),
(1),
(1),
(1),
(1),
(1),
(1),
(1),
(1),
(1),
(1),
(1),
(1),
(1),
(1),
(1),
(1),
(1),
(1),
(1),
(1),
(1),
(1),
(1),
(1),
(1),
(1),
(1),
(1),
(1),
(1),
(1),
(1),
(1),
(1),
(1),
(1),
(1),
(1),
(1),
(1),
(1),
(1),
(1),
(1),
(1),
(1),
(1),
(1),
(1),
(1),
(1),
(1),
(1),
(1),
(1),
(1),
(1),
(1),
(1),
(1),
(1),
(1),
(1),
(1),
(1),
(1),
(1),
(1),
(1),
(1),
(1),
(1),
(1),
(1),
(1),
(1),
(1),
(1),
(1),
(1),
(1),
(1),
(1),
(1),
(1),
(1),
(1),
(1),
(1),
(1),
(1),
(1),
(1),
(1),
(1),
(1),
(1),
(1),
(1),
(1),
(1),
(1),
(1),
(1),
(1),
(1),
(1),
(1),
(1),
(1),
(1),
(1),
(1),
(1),
(1),
(1),
(1),
(1),
(1),
(1),
(1),
(1),
(1),
(1),
(1),
(1),
(1),
(1),
(1),
(1),
(1),
(1),
(1),
(1),
(1),
(1),
(1),
(1),
(1),
(1),
(1),
(1),
(1),
(1),
(1),
(1),
(1),
(1),
(1),
(1),
(1),
(1),
(1),
(1),
(1),
(1),
(1),
(1),
(1),
(1),
(1),
(1),
(1),
(1),
(1),
(1),
(1),
(1),
(1),
(1),
(1),
(1),
(1),
(1),
(1),
(1),
(1),
(1),
(1),
(1),
(1),
(1),
(1),
(1),
(1),
(1),
(1),
(1),
(1),
(1),
(1),
(1),
(1),
(1),
(1),
(1),
(1),
(1),
(1),
(1),
(1),
(1),
(1),
(1),
(1),
(1),
(1),
(1),
(1),
(1),
(1),
(1),
(1),
(1),
(1),
(1),
(1),
(1),
(1),
(1),
(1),
(1),
(1),
(1),
(1),
(1),
(1),
(1),
(1),
(1),
(1),
(1),
(1),
(1),
(1),
(1),
(1),
(1),
(1),
(1),
(1),
(1),
(1),
(1),
(1),
(1),
(1),
(1),
(1),
(1),
(1),
(1),
(1),
(1),
(1),
(1),
(1),
(1),
(1),
(1),
(1),
(1),
(1),
(1),
(1),
(1),
(1),
(1),
(1),
(1),
(1),
(1),
(1),
(1),
(1),
(1),
(1),
(1),
(1),
(1),
(1),
(1),
(1),
(1),
(1),
(1),
(1),
(1),
(1),
(1),
(1),
(1),
(1),
(1),
(1),
(1),
(1),
(1),
(1),
(1),
(1),
(1),
(1),
(1),
(1),
(1),
(1),
(1),
(1),
(1),
(1),
(1),
(1),
(1),
(1),
(1),
(1),
(1),
(1),
(1),
(1),
(1),
(1),
(1),
(1),
(1),
(1),
(1),
(1),
(1),
(1),
(1),
(1),
(1),
(1),
(1),
(1),
(1),
(1),
(1),
(1),
(1),
(1),
(1),
(1),
(1),
(1),
(1),
(1),
(1),
(1),
(1),
(1),
(1),
(1),
(1),
(1),
(1),
(1),
(1),
(1),
(1),
(1),
(1),
(1),
(1),
(1),
(1),
(1),
(1),
(1),
(1),
(1),
(1),
(1),
(1),
(1),
(1),
(1),
(1),
(1),
(1),
(1),
(1),
(1),
(1),
(1),
(1),
(1),
(1),
(1),
(1),
(1),
(1),
(1),
(1),
(1),
(1),
(1),
(1),
(1),
(1),
(1),
(1),
(1),
(1),
(1),
(1),
(1),
(1),
(1),
(1),
(1),
(1),
(1),
(1),
(1),
(1),
(1),
(1),
(1),
(1),
(1),
(1),
(1),
(1),
(1),
(1),
(1),
(1),
(1),
(1),
(1),
(1),
(1),
(1),
(1),
(1),
(1),
(1),
(1),
(1),
(1),
(1),
(1),
(1),
(1),
(1),
(1),
(1),
(1),
(1),
(1),
(1),
(1),
(1),
(1),
(1),
(1),
(1),
(1),
(1),
(1),
(1),
(1),
(1),
(1),
(1),
(1),
(1),
(1),
(1),
(1),
(1),
(1),
(1),
(1),
(1),
(1),
(1),
(1),
(1),
(1),
(1),
(1),
(1),
(1),
(1),
(1),
(1),
(1),
(1),
(1),
(1),
(1),
(1),
(1),
(1),
(1),
(1),
(1),
(1),
(1),
(1),
(1),
(1),
(1),
(1),
(1),
(1),
(1),
(1),
(1),
(1),
(1),
(1),
(1),
(1),
(1),
(1),
(1),
(1),
(1),
(1),
(1),
(1),
(1),
(1),
(1),
(1),
(1),
(1),
(1),
(1),
(1),
(1),
(1),
(1),
(1),
(1),
(1),
(1),
(1),
(1),
(1),
(1),
(1),
(1),
(1),
(1),
(1),
(1),
(1),
(1),
(1),
(1),
(1),
(1),
(1),
(1),
(1),
(1),
(1),
(1),
(1),
(1),
(1),
(1),
(1),
(1),
(1),
(1),
(1),
(1),
(1),
(1),
(1),
(1),
(1),
(1),
(1),
(1),
(1),
(1),
(1),
(1),
(1),
(1),
(1),
(1),
(1),
(1),
(1),
(1),
(1),
(1),
(1),
(1),
(1),
(1),
(1),
(1),
(1),
(1),
(1),
(1),
(1),
(1),
(1),
(1),
(1),
(1),
(1),
(1),
(1),
(1),
(1),
(1),
(1),
(1),
(1),
(1),
(1),
(1),
(1),
(1),
(1),
(1),
(1),
(1),
(1),
(1),
(1),
(1),
(1),
(1),
(1),
(1),
(1),
(1),
(1),
(1),
(1),
(1),
(1),
(1),
(1),
(1),
(1),
(1),
(1),
(1),
(1),
(1),
(1),
(1),
(1),
(1),
(1),
(1),
(1),
(1),
(1),
(1),
(1),
(1),
(1),
(1),
(1),
(1),
(1),
(1),
(1),
(1),
(1),
(1),
(1),
(1),
(1),
(1),
(1),
(1),
(1),
(1),
(1),
(1),
(1),
(1),
(1),
(1),
(1),
(1),
(1),
(1),
(1),
(1),
(1),
(1),
(1),
(1),
(1),
(1),
(1),
(1),
(1),
(1),
(1),
(1),
(1),
(1),
(1),
(1),
(1),
(1),
(1),
(1),
(1),
(1),
(1),
(1),
(1),
(1),
(1),
(1),
(1),
(1),
(1),
(1),
(1),
(1),
(1),
(1),
(1),
(1),
(1),
(1),
(1),
(1),
(1),
(1),
(1),
(1),
(1),
(1),
(1),
(1),
(1),
(1),
(1),
(1),
(1),
(1),
(1),
(1),
(1),
(1),
(1),
(1),
(1),
(1),
(1),
(1),
(1),
(1),
(1),
(1),
(1),
(1),
(1),
(1);

-- --------------------------------------------------------

--
-- Table structure for table `share_seq`
--

CREATE TABLE `share_seq` (
  `next_val` bigint DEFAULT NULL
) ENGINE=InnoDB DEFAULT CHARSET=utf8mb4 COLLATE=utf8mb4_general_ci;

--
-- Dumping data for table `share_seq`
--

INSERT INTO `share_seq` (`next_val`) VALUES
(151);

-- --------------------------------------------------------

--
-- Table structure for table `share_tag`
--

CREATE TABLE `share_tag` (
  `Share_id` bigint NOT NULL,
  `tags_id` bigint NOT NULL
) ENGINE=InnoDB DEFAULT CHARSET=utf8mb4 COLLATE=utf8mb4_0900_ai_ci;

--
-- Dumping data for table `share_tag`
--

INSERT INTO `share_tag` (`Share_id`, `tags_id`) VALUES
(64603, 1),
(64607, 1),
(64609, 1),
(64623, 1),
(64628, 1),
(64634, 1),
(64639, 1),
(64649, 1),
(64655, 1),
(64659, 1),
(64660, 1),
(64661, 1),
(64664, 1),
(64666, 1),
(64679, 1),
(64681, 1),
(64683, 1),
(64694, 1),
(64695, 1),
(64702, 1),
(64705, 1),
(64725, 1),
(64731, 1),
(64744, 1),
(64748, 1),
(64754, 1),
(64756, 1),
(64765, 1),
(64767, 1),
(64791, 1),
(64792, 1),
(64797, 1),
(64798, 1),
(64800, 1),
(64805, 1),
(64808, 1),
(64809, 1),
(64812, 1),
(64814, 1),
(64821, 1),
(64822, 1),
(64839, 1),
(64848, 1),
(64861, 1),
(64866, 1),
(64867, 1),
(64872, 1),
(64874, 1),
(64876, 1),
(64883, 1),
(64884, 1),
(64887, 1),
(64891, 1),
(64893, 1),
(64898, 1),
(64905, 1),
(64914, 1),
(64927, 1),
(64931, 1),
(64939, 1),
(64942, 1),
(64943, 1),
(64947, 1),
(64950, 1),
(64955, 1),
(64961, 1),
(64963, 1),
(64979, 1),
(64980, 1),
(64985, 1),
(64986, 1),
(64990, 1),
(64997, 1),
(64999, 1),
(64602, 2),
(64609, 2),
(64623, 2),
(64628, 2),
(64632, 2),
(64635, 2),
(64637, 2),
(64647, 2),
(64653, 2),
(64655, 2),
(64656, 2),
(64664, 2),
(64680, 2),
(64685, 2),
(64689, 2),
(64692, 2),
(64697, 2),
(64703, 2),
(64716, 2),
(64717, 2),
(64723, 2),
(64725, 2),
(64731, 2),
(64734, 2),
(64735, 2),
(64736, 2),
(64742, 2),
(64747, 2),
(64748, 2),
(64753, 2),
(64754, 2),
(64760, 2),
(64763, 2),
(64765, 2),
(64767, 2),
(64768, 2),
(64776, 2),
(64778, 2),
(64780, 2),
(64782, 2),
(64788, 2),
(64789, 2),
(64794, 2),
(64798, 2),
(64807, 2),
(64808, 2),
(64809, 2),
(64810, 2),
(64811, 2),
(64813, 2),
(64825, 2),
(64845, 2),
(64849, 2),
(64853, 2),
(64855, 2),
(64856, 2),
(64866, 2),
(64869, 2),
(64870, 2),
(64873, 2),
(64885, 2),
(64897, 2),
(64898, 2),
(64902, 2),
(64903, 2),
(64908, 2),
(64911, 2),
(64919, 2),
(64927, 2),
(64934, 2),
(64956, 2),
(64962, 2),
(64966, 2),
(64967, 2),
(64971, 2),
(64977, 2),
(64989, 2),
(64991, 2),
(64995, 2),
(64996, 2),
(64618, 3),
(64622, 3),
(64625, 3),
(64631, 3),
(64635, 3),
(64639, 3),
(64645, 3),
(64650, 3),
(64670, 3),
(64679, 3),
(64682, 3),
(64683, 3),
(64684, 3),
(64691, 3),
(64699, 3),
(64700, 3),
(64708, 3),
(64715, 3),
(64734, 3),
(64741, 3),
(64743, 3),
(64757, 3),
(64760, 3),
(64764, 3),
(64773, 3),
(64777, 3),
(64782, 3),
(64783, 3),
(64788, 3),
(64792, 3),
(64794, 3),
(64797, 3),
(64799, 3),
(64806, 3),
(64815, 3),
(64817, 3),
(64818, 3),
(64821, 3),
(64825, 3),
(64826, 3),
(64830, 3),
(64833, 3),
(64836, 3),
(64840, 3),
(64843, 3),
(64845, 3),
(64849, 3),
(64850, 3),
(64873, 3),
(64883, 3),
(64885, 3),
(64887, 3),
(64889, 3),
(64891, 3),
(64892, 3),
(64902, 3),
(64908, 3),
(64910, 3),
(64912, 3),
(64915, 3),
(64920, 3),
(64923, 3),
(64929, 3),
(64933, 3),
(64935, 3),
(64937, 3),
(64947, 3),
(64950, 3),
(64964, 3),
(64968, 3),
(64970, 3),
(64976, 3),
(64978, 3),
(64979, 3),
(64983, 3),
(64990, 3),
(64996, 3),
(64998, 3),
(65000, 3),
(64604, 4),
(64606, 4),
(64610, 4),
(64612, 4),
(64632, 4),
(64634, 4),
(64643, 4),
(64644, 4),
(64645, 4),
(64651, 4),
(64652, 4),
(64653, 4),
(64666, 4),
(64671, 4),
(64673, 4),
(64676, 4),
(64677, 4),
(64678, 4),
(64690, 4),
(64691, 4),
(64694, 4),
(64701, 4),
(64703, 4),
(64705, 4),
(64706, 4),
(64708, 4),
(64714, 4),
(64716, 4),
(64720, 4),
(64722, 4),
(64732, 4),
(64735, 4),
(64739, 4),
(64742, 4),
(64745, 4),
(64747, 4),
(64751, 4),
(64756, 4),
(64758, 4),
(64759, 4),
(64775, 4),
(64779, 4),
(64787, 4),
(64789, 4),
(64793, 4),
(64800, 4),
(64804, 4),
(64805, 4),
(64811, 4),
(64815, 4),
(64818, 4),
(64827, 4),
(64829, 4),
(64830, 4),
(64837, 4),
(64838, 4),
(64841, 4),
(64842, 4),
(64843, 4),
(64851, 4),
(64852, 4),
(64853, 4),
(64863, 4),
(64864, 4),
(64881, 4),
(64886, 4),
(64888, 4),
(64889, 4),
(64897, 4),
(64901, 4),
(64905, 4),
(64913, 4),
(64916, 4),
(64921, 4),
(64923, 4),
(64930, 4),
(64931, 4),
(64936, 4),
(64938, 4),
(64940, 4),
(64942, 4),
(64948, 4),
(64954, 4),
(64955, 4),
(64966, 4),
(64967, 4),
(64968, 4),
(64970, 4),
(64973, 4),
(64975, 4),
(64976, 4),
(64983, 4),
(64989, 4),
(64999, 4);

-- --------------------------------------------------------

--
-- Table structure for table `tag`
--

CREATE TABLE `tag` (
  `id` bigint NOT NULL,
  `name` varchar(255) DEFAULT NULL
) ENGINE=InnoDB DEFAULT CHARSET=utf8mb4 COLLATE=utf8mb4_0900_ai_ci;

--
-- Dumping data for table `tag`
--

INSERT INTO `tag` (`id`, `name`) VALUES
(1, 'Brand new'),
(2, 'Top-100'),
(3, 'Top-500'),
(4, 'Popular'),
(5, 'Start-Up');

-- --------------------------------------------------------

--
-- Table structure for table `tag_SEQ`
--

CREATE TABLE `tag_SEQ` (
  `next_val` bigint DEFAULT NULL
) ENGINE=InnoDB DEFAULT CHARSET=utf8mb4 COLLATE=utf8mb4_0900_ai_ci;

--
-- Dumping data for table `tag_SEQ`
--

INSERT INTO `tag_SEQ` (`next_val`) VALUES
(1);

-- --------------------------------------------------------

--
-- Table structure for table `users`
--

CREATE TABLE `users` (
  `id` bigint NOT NULL,
  `username` varchar(255) CHARACTER SET utf8mb4 COLLATE utf8mb4_general_ci DEFAULT NULL,
  `firstname` varchar(255) CHARACTER SET utf8mb4 COLLATE utf8mb4_general_ci DEFAULT NULL,
  `lastname` varchar(255) CHARACTER SET utf8mb4 COLLATE utf8mb4_general_ci DEFAULT NULL,
  `accountBalance` double DEFAULT NULL,
  `email` varchar(255) CHARACTER SET utf8mb4 COLLATE utf8mb4_general_ci DEFAULT NULL,
  `password` varchar(255) CHARACTER SET utf8mb4 COLLATE utf8mb4_general_ci DEFAULT NULL,
  `creationDate` datetime(6) DEFAULT NULL
) ENGINE=InnoDB DEFAULT CHARSET=utf8mb4 COLLATE=utf8mb4_general_ci;

--
-- Dumping data for table `users`
--

INSERT INTO `users` (`id`, `username`, `firstname`, `lastname`, `accountBalance`, `email`, `password`, `creationDate`) VALUES
(5, 'John_Doe', 'John', 'Doe', 1200000, 'john.doe@gmail.com', 'SecurePassword1234!', NULL),
(652, 'fhaas', 'Fynn', 'Haas', 71367691.46999967, 'fynngian@gmail.com', 'e129a376003729033440e5ea208d27ad96c491d9e83e4b82eeaa07c41a21e444bfaa0d77fbb631b0310c3fb94bf696f109d8ae9bc574aa15aa4b2dcc9dcac607', '2024-05-22 12:10:04.000000');

-- --------------------------------------------------------

--
-- Table structure for table `users_seq`
--

CREATE TABLE `users_seq` (
  `next_val` bigint DEFAULT NULL
) ENGINE=InnoDB DEFAULT CHARSET=utf8mb4 COLLATE=utf8mb4_general_ci;

--
-- Dumping data for table `users_seq`
--

INSERT INTO `users_seq` (`next_val`) VALUES
(901),
(1),
(1),
(1),
(1),
(1),
(1),
(1),
(1),
(1),
(1),
(1),
(1),
(1),
(1),
(1),
(1),
(1),
(1),
(1),
(1),
(1),
(1),
(1),
(1),
(1),
(1),
(1),
(1),
(1),
(1),
(1),
(1),
(1),
(1),
(1),
(1),
(1),
(1),
(1),
(1),
(1),
(1),
(1),
(1),
(1),
(1),
(1),
(1),
(1),
(1),
(1),
(1),
(1),
(1),
(1),
(1),
(1),
(1),
(1),
(1),
(1),
(1),
(1),
(1),
(1),
(1),
(1),
(1),
(1),
(1),
(1),
(1),
(1),
(1),
(1),
(1),
(1),
(1),
(1),
(1),
(1),
(1),
(1),
(1),
(1),
(1),
(1),
(1),
(1),
(1),
(1),
(1),
(1),
(1),
(1),
(1),
(1),
(1),
(1),
(1),
(1),
(1),
(1),
(1),
(1),
(1),
(1),
(1),
(1),
(1),
(1),
(1),
(1),
(1),
(1),
(1),
(1),
(1),
(1),
(1),
(1),
(1),
(1),
(1),
(1),
(1),
(1),
(1),
(1),
(1),
(1),
(1),
(1),
(1),
(1),
(1),
(1),
(1),
(1),
(1),
(1),
(1),
(1),
(1),
(1),
(1),
(1),
(1),
(1),
(1),
(1),
(1),
(1),
(1),
(1),
(1),
(1),
(1),
(1),
(1),
(1),
(1),
(1),
(1),
(1),
(1),
(1),
(1),
(1),
(1),
(1),
(1),
(1),
(1),
(1),
(1),
(1),
(1),
(1),
(1),
(1),
(1),
(1),
(1),
(1),
(1),
(1),
(1),
(1),
(1),
(1),
(1),
(1),
(1),
(1),
(1),
(1),
(1),
(1),
(1),
(1),
(1),
(1),
(1),
(1),
(1),
(1),
(1),
(1),
(1),
(1),
(1),
(1),
(1),
(1),
(1),
(1),
(1),
(1),
(1),
(1),
(1),
(1),
(1),
(1),
(1),
(1),
(1),
(1),
(1),
(1),
(1),
(1),
(1),
(1),
(1),
(1),
(1),
(1),
(1),
(1),
(1),
(1),
(1),
(1),
(1),
(1),
(1),
(1),
(1),
(1),
(1),
(1),
(1),
(1),
(1),
(1),
(1),
(1),
(1),
(1),
(1),
(1),
(1),
(1),
(1),
(1),
(1),
(1),
(1),
(1),
(1),
(1),
(1),
(1),
(1),
(1),
(1),
(1),
(1),
(1),
(1),
(1),
(1),
(1),
(1),
(1),
(1),
(1),
(1),
(1),
(1),
(1),
(1),
(1),
(1),
(1),
(1),
(1),
(1),
(1),
(1),
(1),
(1),
(1),
(1),
(1),
(1),
(1),
(1),
(1),
(1),
(1),
(1),
(1),
(1),
(1),
(1),
(1),
(1),
(1),
(1),
(1),
(1),
(1),
(1),
(1),
(1),
(1),
(1),
(1),
(1),
(1),
(1),
(1),
(1),
(1),
(1),
(1),
(1),
(1),
(1),
(1),
(1),
(1),
(1),
(1),
(1),
(1),
(1),
(1),
(1),
(1),
(1),
(1),
(1),
(1),
(1),
(1),
(1),
(1),
(1),
(1),
(1),
(1),
(1),
(1),
(1),
(1),
(1),
(1),
(1),
(1),
(1),
(1),
(1),
(1),
(1),
(1),
(1),
(1),
(1),
(1),
(1),
(1),
(1),
(1),
(1),
(1),
(1),
(1),
(1),
(1),
(1),
(1),
(1),
(1),
(1),
(1),
(1),
(1),
(1),
(1),
(1),
(1),
(1),
(1),
(1),
(1),
(1),
(1),
(1),
(1),
(1),
(1),
(1),
(1),
(1),
(1),
(1),
(1),
(1),
(1),
(1),
(1),
(1),
(1),
(1),
(1),
(1),
(1),
(1),
(1),
(1),
(1),
(1),
(1),
(1),
(1),
(1),
(1),
(1),
(1),
(1),
(1),
(1),
(1),
(1),
(1),
(1),
(1),
(1),
(1),
(1),
(1),
(1),
(1),
(1),
(1),
(1),
(1),
(1),
(1),
(1),
(1),
(1),
(1),
(1),
(1),
(1),
(1),
(1),
(1),
(1),
(1),
(1),
(1),
(1),
(1),
(1),
(1),
(1),
(1),
(1),
(1),
(1),
(1),
(1),
(1),
(1),
(1),
(1),
(1),
(1),
(1),
(1),
(1),
(1),
(1),
(1),
(1),
(1),
(1),
(1),
(1),
(1),
(1),
(1),
(1),
(1),
(1),
(1),
(1),
(1),
(1),
(1),
(1),
(1),
(1),
(1),
(1),
(1),
(1),
(1),
(1),
(1),
(1),
(1),
(1),
(1),
(1),
(1),
(1),
(1),
(1),
(1),
(1),
(1),
(1),
(1),
(1),
(1),
(1),
(1),
(1),
(1),
(1),
(1),
(1),
(1),
(1),
(1),
(1),
(1),
(1),
(1),
(1),
(1),
(1),
(1),
(1),
(1),
(1),
(1),
(1),
(1),
(1),
(1),
(1),
(1),
(1),
(1),
(1),
(1),
(1),
(1),
(1),
(1),
(1),
(1),
(1),
(1),
(1),
(1),
(1),
(1),
(1),
(1),
(1),
(1),
(1),
(1),
(1),
(1),
(1),
(1),
(1),
(1),
(1),
(1),
(1),
(1),
(1),
(1),
(1),
(1),
(1),
(1),
(1),
(1),
(1),
(1),
(1),
(1),
(1),
(1),
(1),
(1),
(1),
(1),
(1),
(1),
(1),
(1),
(1),
(1),
(1),
(1),
(1),
(1),
(1),
(1),
(1),
(1),
(1),
(1),
(1),
(1),
(1),
(1),
(1),
(1),
(1),
(1),
(1),
(1),
(1),
(1),
(1),
(1),
(1),
(1),
(1),
(1),
(1),
(1),
(1),
(1),
(1),
(1),
(1),
(1),
(1),
(1),
(1),
(1),
(1),
(1),
(1),
(1),
(1),
(1),
(1),
(1),
(1),
(1),
(1),
(1),
(1),
(1),
(1),
(1),
(1),
(1),
(1),
(1),
(1),
(1),
(1),
(1),
(1),
(1),
(1),
(1),
(1),
(1),
(1),
(1),
(1),
(1),
(1),
(1),
(1),
(1),
(1),
(1),
(1),
(1),
(1),
(1),
(1),
(1),
(1),
(1),
(1),
(1),
(1),
(1),
(1),
(1),
(1),
(1),
(1),
(1),
(1),
(1),
(1),
(1),
(1),
(1),
(1),
(1),
(1),
(1),
(1),
(1),
(1),
(1),
(1),
(1),
(1),
(1),
(1),
(1),
(1),
(1),
(1),
(1),
(1),
(1),
(1),
(1),
(1),
(1),
(1),
(1),
(1),
(1),
(1),
(1),
(1),
(1),
(1),
(1),
(1),
(1),
(1),
(1),
(1),
(1),
(1),
(1),
(1),
(1),
(1),
(1),
(1),
(1),
(1),
(1),
(1),
(1),
(1),
(1),
(1),
(1),
(1),
(1),
(1),
(1),
(1),
(1),
(1),
(1),
(1),
(1),
(1),
(1),
(1),
(1),
(1),
(1),
(1),
(1),
(1),
(1),
(1),
(1),
(1),
(1),
(1),
(1),
(1),
(1),
(1),
(1),
(1),
(1),
(1),
(1),
(1),
(1),
(1),
(1),
(1),
(1),
(1),
(1),
(1),
(1),
(1),
(1),
(1),
(1);

--
-- Indexes for dumped tables
--

--
-- Indexes for table `profile_picture`
--
ALTER TABLE `profile_picture`
  ADD PRIMARY KEY (`id`),
  ADD UNIQUE KEY `user_idfk` (`user_idfk`);

--
-- Indexes for table `shares`
--
ALTER TABLE `shares`
  ADD PRIMARY KEY (`id`),
  ADD UNIQUE KEY `name` (`name`);

--
-- Indexes for table `share_portfolio`
--
ALTER TABLE `share_portfolio`
  ADD PRIMARY KEY (`id`),
  ADD KEY `share_id` (`share_id`),
  ADD KEY `user_id` (`user_id`);

--
-- Indexes for table `share_tag`
--
ALTER TABLE `share_tag`
  ADD PRIMARY KEY (`Share_id`,`tags_id`),
  ADD KEY `FKdh68klcbat4he8wouaabklupf` (`tags_id`);

--
-- Indexes for table `tag`
--
ALTER TABLE `tag`
  ADD PRIMARY KEY (`id`);

--
-- Indexes for table `users`
--
ALTER TABLE `users`
  ADD PRIMARY KEY (`id`);

--
-- AUTO_INCREMENT for dumped tables
--

--
-- AUTO_INCREMENT for table `profile_picture`
--
ALTER TABLE `profile_picture`
  MODIFY `id` bigint NOT NULL AUTO_INCREMENT, AUTO_INCREMENT=303;

--
-- AUTO_INCREMENT for table `share_portfolio`
--
ALTER TABLE `share_portfolio`
  MODIFY `id` bigint NOT NULL AUTO_INCREMENT, AUTO_INCREMENT=1053;

--
-- Constraints for dumped tables
--

--
-- Constraints for table `profile_picture`
--
ALTER TABLE `profile_picture`
  ADD CONSTRAINT `profile_picture_ibfk_1` FOREIGN KEY (`user_idfk`) REFERENCES `users` (`id`) ON DELETE RESTRICT ON UPDATE RESTRICT;

--
-- Constraints for table `share_portfolio`
--
ALTER TABLE `share_portfolio`
  ADD CONSTRAINT `share_portfolio_ibfk_1` FOREIGN KEY (`share_id`) REFERENCES `shares` (`id`),
  ADD CONSTRAINT `share_portfolio_ibfk_2` FOREIGN KEY (`user_id`) REFERENCES `users` (`id`);

--
-- Constraints for table `share_tag`
--
ALTER TABLE `share_tag`
  ADD CONSTRAINT `FKdh68klcbat4he8wouaabklupf` FOREIGN KEY (`tags_id`) REFERENCES `tag` (`id`),
  ADD CONSTRAINT `FKqtntoelbhh54oobu81w7k3vkp` FOREIGN KEY (`Share_id`) REFERENCES `shares` (`id`);
COMMIT;

/*!40101 SET CHARACTER_SET_CLIENT=@OLD_CHARACTER_SET_CLIENT */;
/*!40101 SET CHARACTER_SET_RESULTS=@OLD_CHARACTER_SET_RESULTS */;
/*!40101 SET COLLATION_CONNECTION=@OLD_COLLATION_CONNECTION */;
